GSM,GSE,Label,PubMed ID,Release Date,In Situ Site,Disease,Total Reads,High-Quality Reads,FRiP,Num Peaks,motif_ov_ratio
GSM1003784,GSE36030,MEL,,4/11/12,Erythroleukemia Cell,Leukemia,52789682,29745064,0.274,66763,0.8571
GSM1004802,GSE40918,Th0,23021777,9/20/12,Not Stated,,35627695,17885015,0.238,59371,0.8926
GSM1004803,GSE40918,Th0,23021777,9/20/12,Not Stated,,22093014,12435189,0.157,41825,0.9253
GSM1004804,GSE40918,Th17,23021777,9/20/12,Not Stated,,30253375,16913937,0.232,58647,0.889
GSM1004805,GSE40918,Th17,23021777,9/20/12,Not Stated,,25199441,8936787,0.17,38462,0.921
GSM1020012,GSE41603,MEF,23975099,8/9/13,Embryonic Fibroblast,,24736851,10523348,0.098,29582,0.9282
GSM1020013,GSE41603,MEF,23975099,8/9/13,Embryonic Fibroblast,,31168395,12209768,0.105,34229,0.9232
GSM1023416,GSE41743,RAG1KO_CD4-_CD8-_thymocyte,23169622,12/3/12,Not Stated,,10329668,4001773,0.225,33209,0.9305
GSM1023418,GSE41743,CD4+_CD8+_thymocyte,23169622,12/3/12,Not Stated,,7349830,5168483,0.43,44059,0.8823
GSM1023420,GSE41743,RAG1KO_pro_B_cell,23169622,12/3/12,Bone Marrow,,10040506,6272156,0.264,39946,0.9034
GSM1036122,GSE42237,e10.5_forelimb_bud,23704192,5/22/13,Forelimb Bud,,22274999,15790424,0.012,9228,0.9323
GSM1036123,GSE42237,e10.5_forelimb_bud,23704192,5/22/13,Forelimb Bud,,44200100,33349912,0.039,27281,0.8939
GSM1036124,GSE42237,e10.5_hindlimb_bud,23704192,5/22/13,Hindlimb Bud,,28491396,19475765,0.02,15253,0.9504
GSM1036125,GSE42237,e10.5_hindlimb_bud,23704192,5/22/13,Hindlimb Bud,,40090245,26936222,0.038,26333,0.9373
GSM1036126,GSE42237,e11.5_limb_bud,23704192,5/22/13,Limb Bud,,118332008,50091906,0.005,5083,0.9449
GSM1066043,GSE43594,CD43-_activated_B_cell,24145512,10/11/13,Spleen,,50172995,11049212,0.016,10324,0.9741
GSM1066047,GSE43594,CD43-_resting_B_cell,24145512,10/11/13,Spleen,,32320923,17433428,0.046,21507,0.9401
GSM1088169,GSE44637,CD43-_B_cell,24634495,2/5/14,Spleen,,39778767,11091081,0.352,48293,0.823
GSM1088171,GSE44637,plasmablast,24634495,2/5/14,Spleen,,129073920,26139692,0.103,35552,0.8953
GSM1132350,GSE33819,murine_primary_activated_B_cell,21113164;23707059,11/19/11,Spleen,,33366983,17080893,0.417,99255,0.7241
GSM1132351,GSE33819,murine_primary_activated_B_cell,21113164;23707059,11/19/11,Spleen,,120164475,30262838,0.385,115981,0.7087
GSM1132355,GSE33819,murine_primary_activated_B_cell,21113164;23707059,11/19/11,Spleen,,36873302,19627001,0.103,40933,0.8957
GSM1132357,GSE33819,murine_primary_activated_B_cell,21113164;23707059,11/19/11,Spleen,,49419522,26204649,0.077,38763,0.8883
GSM1132358,GSE33819,murine_primary_activated_B_cell,21113164;23707059,11/19/11,Spleen,,50069536,23410430,0.136,51467,0.8632
GSM1145865,GSE43008,RAG2KO_pro_B_cell,23973221,9/30/13,Not Stated,,106881140,78669027,0.443,96050,0.8703
GSM1145866,GSE43008,pro_B_cell,23973221,9/30/13,Not Stated,,103939812,75029198,0.452,106876,0.8476
GSM1151145,GSE47492,Ter119+_erythroid,24413732,12/21/13,Spleen,,155584966,71314020,0.218,43347,0.8933
GSM1156665,GSE47766,RAG1KO_pro_B_cell,23898036,8/5/13,Bone Marrow,,10040506,6272193,0.264,39947,0.9034
GSM1167572,GSE48086,HPC-7,24760698,4/24/14,Hematopoetic Progenitor,,40085503,19103403,0.463,100069,0.7441
GSM1167574,GSE48086,primary_mast_cell,24760698,4/24/14,Bone Marrow,,33076045,15290229,0.489,81834,0.826
GSM1212177,GSE39523,E14,24121688,10/11/13,Embryonic Stem Cell,,40569883,27840170,0.034,28242,0.9529
GSM1249152,GSE51610,TSC,,1/1/16,Trophoblast Stem Cell,,79256204,50726179,0.084,51196,0.9229
GSM1328456,GSE55047,MC3T3-E1 Subclone 4,25120271,5/20/15,"Preosteoblast; Bone, calvaria",,62407086,40611881,0.219,84904,0.7355
GSM1328457,GSE55047,matrix_depositing_osteoblast,25120271,5/20/15,Matrix-depositing Osteoblast,,51077975,35114342,0.153,56186,0.8048
GSM1328458,GSE55047,mineralizing_osteoblast,25120271,5/20/15,Mineralizing Osteoblast,,42043028,29600055,0.201,56901,0.8213
GSM1390713,GSE57814,liver,25209997,9/25/14,Liver,,54893517,33761391,0.042,25600,0.9051
GSM1390714,GSE57814,liver,25209997,9/25/14,Liver,,117343539,74119797,0.036,27380,0.8925
GSM1468392,GSE60240,mESC,25722416,2/26/15,Embryonic Stem Cell,,31320857,5024685,0.087,25857,0.9522
GSM1468394,GSE60240,motor_neuron,25722416,2/26/15,Motor Neuron,,48136291,19881864,0.078,34639,0.9306
GSM1480825,GSE60482,Th1,25686607,2/18/15,"Spleen, Lymph nodes",,38156242,19050245,0.369,71313,0.8263
GSM1493662,GSE60918,WEHI-231,25646466;26484167,8/29/14,B Lymphocyte,B-cell Lymphoma,43592954,22040265,0.04,18212,0.9707
GSM1493663,GSE60918,WEHI-231,25646466;26484167,8/29/14,B Lymphocyte,B-cell Lymphoma,36109696,20447274,0.04,17865,0.9726
GSM1493664,GSE60918,WEHI-231,25646466;26484167,8/29/14,B Lymphocyte,B-cell Lymphoma,36210486,17466111,0.013,6710,0.9816
GSM1493665,GSE60918,WEHI-231,25646466;26484167,8/29/14,B Lymphocyte,B-cell Lymphoma,36478670,12337782,0.018,7555,0.9835
GSM1500003,GSE61236,3134,25677181,2/12/15,Mammary Gland,Malignant neoplasms of the mouse mammary gland,10991934,5213916,0.516,51542,0.9261
GSM1540992,GSE58242,mESC,25578877,1/9/15,Embryonic Stem Cell,,98629796,36070227,0.019,17414,0.963
GSM1540994,GSE58242,mESC,25578877,1/9/15,Embryonic Stem Cell,,48045900,14153921,0.072,28724,0.8917
GSM1540996,GSE58242,differentiating_mESC,25578877,1/9/15,Embryonic Stem Cell,,66642472,35909157,0.028,23079,0.955
GSM1620003,GSE66343,Th2,28938092,10/1/17,Not Stated,,14757505,6193062,0.078,20962,0.9458
GSM1648476,GSE67516,fibroblast,26089354,6/19/15,Fibroblast,,49726696,12444490,0.023,9740,0.965
GSM1648477,GSE67516,fibroblast,26089354,6/19/15,Fibroblast,,49521848,16415877,0.095,27376,0.9399
GSM1648478,GSE67516,dermal_fibroblast,26089354,6/19/15,Dermal Fibroblast,,43734182,21051231,0.115,33131,0.9421
GSM1648479,GSE67516,dermal_fibroblast,26089354,6/19/15,Dermal Fibroblast,,52096550,18063145,0.054,21029,0.9536
GSM1817673,GSE70764,mRS,26268681,7/23/15,Round Spermatids,,53468197,22675023,0.212,34543,0.94
GSM1828650,GSE72720,E14,26527277,10/29/15,Embryonic Stem Cell,,20754697,2158751,0.408,42897,0.9185
GSM1828651,GSE72720,neural_progenitor,26527277,10/29/15,Neural Progenitor,,22036777,629441,0.297,19296,0.8704
GSM1838886,GSE59119,pancreas,25735743,4/7/15,Pancreas,,22766145,11922112,0.032,16221,0.9525
GSM1913028,GSE74189,brown_preadipocyte,28398509,1/1/17,Brown Preadipocyte,,24197028,12554290,0.187,42669,0.9054
GSM1913029,GSE74189,confluent_brown_preadipocyte,28398509,1/1/17,Brown Preadipocyte,,28092531,16182134,0.111,35763,0.8851
GSM1913030,GSE74189,immature_brown_preadipocyte,28398509,1/1/17,Brown Preadipocyte,,24476352,12483647,0.207,41077,0.907
GSM1913031,GSE74189,mature_brown_preadipocyte,28398509,1/1/17,Brown Preadipocyte,,18350935,9156829,0.228,39487,0.8574
GSM1973715,GSE76074,mesenchymal_stromal_cell,28077316,5/5/17,Bone Marrow,,34694773,23879495,0.196,68139,0.76
GSM1973716,GSE76074,mesenchymal_stromal_cell,28077316,5/5/17,Bone Marrow,,26256781,18896346,0.275,66111,0.8245
GSM1973718,GSE76074,mesenchymal_stromal_cell_differentiating_day_7,28077316,5/5/17,Bone Marrow,,90529880,47020636,0.176,83799,0.6767
GSM1973719,GSE76074,mesenchymal_stromal_cell_differentiating_day_14,28077316,5/5/17,Bone Marrow,,11194373,8513460,0.195,38110,0.8632
GSM1973720,GSE76074,mesenchymal_stromal_cell_differentiating_day_14,28077316,5/5/17,Bone Marrow,,20728396,13472365,0.359,68249,0.7114
GSM1973721,GSE76074,mesenchymal_stromal_cell_differentiating_day_21,28077316,5/5/17,Bone Marrow,,18280994,13605977,0.133,38923,0.8012
GSM1973722,GSE76074,mesenchymal_stromal_cell_differentiating_day_21,28077316,5/5/17,Bone Marrow,,27692390,19733845,0.243,62154,0.7365
GSM1979778,GSE76303,E13.5_MEF,28424523,4/11/17,Embryonic Fibroblast,,24736851,10443769,0.097,29506,0.928
GSM1979779,GSE76303,E13.5_MEF,28424523,4/11/17,Embryonic Fibroblast,,34405529,22684559,0.146,49343,0.8947
GSM1979781,GSE76303,MEF,28424523,4/11/17,Embryonic Fibroblast,,53549322,15270428,0.132,36970,0.8977
GSM1979782,GSE76303,MEF,28424523,4/11/17,Embryonic Fibroblast,,32173957,20843064,0.131,42155,0.8942
GSM1979783,GSE76303,MEF,28424523,4/11/17,Embryonic Fibroblast,,31168395,12192808,0.105,34204,0.9231
GSM1979784,GSE76303,MEF,28424523,4/11/17,Embryonic Fibroblast,,36593971,24653782,0.163,54616,0.8927
GSM2026234,GSE76481,p20_iPSC,26971819,3/1/16,Induced Pluripotent Stem Cell,,60382413,32674088,0.171,64116,0.8838
GSM2026235,GSE76481,p20_iPSC,26971819,3/1/16,Induced Pluripotent Stem Cell,,22653790,10264895,0.278,59072,0.9057
GSM2026236,GSE76481,p3_iPSC,26971819,3/1/16,Induced Pluripotent Stem Cell,,50457161,27138502,0.178,60675,0.9033
GSM2026237,GSE76481,p3_iPSC,26971819,3/1/16,Induced Pluripotent Stem Cell,,51416182,12695164,0.183,50126,0.8906
GSM2026238,GSE76481,p20_iPSC,26971819,3/1/16,Induced Pluripotent Stem Cell,,48694635,28620938,0.207,68217,0.8863
GSM2026239,GSE76481,p20_iPSC,26971819,3/1/16,Induced Pluripotent Stem Cell,,36864795,10654469,0.342,62667,0.8677
GSM2026240,GSE76481,p3_iPSC,26971819,3/1/16,Induced Pluripotent Stem Cell,,54062887,31957761,0.218,70996,0.8872
GSM2026241,GSE76481,p3_iPSC,26971819,3/1/16,Induced Pluripotent Stem Cell,,23790593,9749900,0.249,56180,0.9019
GSM2026242,GSE76481,p20_iPSC,26971819,3/1/16,Induced Pluripotent Stem Cell,,48717044,26561378,0.324,74128,0.8866
GSM2026243,GSE76481,p20_iPSC,26971819,3/1/16,Induced Pluripotent Stem Cell,,59896899,30329238,0.308,78906,0.8754
GSM2026244,GSE76481,p3_iPSC,26971819,3/1/16,Induced Pluripotent Stem Cell,,49774810,26369005,0.292,81087,0.866
GSM2026245,GSE76481,p3_iPSC,26971819,3/1/16,Induced Pluripotent Stem Cell,,45058716,24610668,0.326,88976,0.8469
GSM2026246,GSE76481,p20_iPSC,26971819,3/1/16,Induced Pluripotent Stem Cell,,59212462,33839280,0.202,71181,0.8709
GSM2026247,GSE76481,p20_iPSC,26971819,3/1/16,Induced Pluripotent Stem Cell,,70795942,20842951,0.337,79017,0.8406
GSM2026248,GSE76481,p3_iPSC,26971819,3/1/16,Induced Pluripotent Stem Cell,,97941490,48751120,0.28,98827,0.8398
GSM2026249,GSE76481,p3_iPSC,26971819,3/1/16,Induced Pluripotent Stem Cell,,23057075,11375511,0.325,66966,0.8797
GSM2123546,GSE80280,mESC,28289288,3/7/17,Embryonic Stem Cell,,36098776,24658347,0.21,79394,0.8611
GSM2129857,GSE95804,G1E-ER4,28388437,3/31/17,Erythroid,,42414862,4455500,0.149,27322,0.933
GSM2129859,GSE95804,G1E-ER4,28388437,3/31/17,Erythroid,,34800736,16190269,0.078,29606,0.9405
GSM2129861,GSE95804,G1E-ER4,28388437,3/31/17,Erythroid,,36529437,9823292,0.094,28703,0.9282
GSM2184318,GSE82144,activated_B_cell,29706548;29555645,8/10/17,Spleen,,29015536,19713270,0.235,56753,0.6707
GSM2184319,GSE82144,activated_B_cell,29706548;29555645,8/10/17,Spleen,,51970528,32494122,0.262,83343,0.8912
GSM2184320,GSE82144,activated_B_cell,29706548;29555645,8/10/17,Spleen,,22935209,6816958,0.083,24846,0.9562
GSM2184321,GSE82144,resting_B_cell,29706548;29555645,8/10/17,Spleen,,36928971,22290898,0.365,70062,0.7864
GSM2184322,GSE82144,resting_B_cell,29706548;29555645,8/10/17,Spleen,,55249772,30877927,0.394,84919,0.7624
GSM2184323,GSE82144,resting_B_cell,29706548;29555645,8/10/17,Spleen,,23919781,14510067,0.387,61139,0.8126
GSM2228526,GSE84176,hippocampus,27880914,11/22/16,Hippocampus,,35382634,14347449,0.194,26916,0.4869
GSM2228527,GSE84176,hippocampus,27880914,11/22/16,Hippocampus,,49475589,17638187,0.151,23866,0.5026
GSM2251432,GSE84795,e10.5_forelimb,27923844,12/6/16,Forelimb,,29836368,11176761,0.296,53562,0.866
GSM2251433,GSE84795,e10.5_forelimb,27923844,12/6/16,Forelimb,,26923167,5550423,0.206,37863,0.8964
GSM2251434,GSE84795,e11.5_forelimb,27923844,12/6/16,Forelimb,,29480613,14340312,0.145,37256,0.8924
GSM2251435,GSE84795,e11.5_forelimb,27923844,12/6/16,Forelimb,,37148797,9763182,0.079,25966,0.9165
GSM2251436,GSE84795,e13.5_forelimb,27923844,12/6/16,Forelimb,,18659427,12765295,0.015,10261,0.9681
GSM2251437,GSE84795,e13.5_forelimb,27923844,12/6/16,Forelimb,,16934583,10089351,0.072,22908,0.9381
GSM2251438,GSE84795,e10.5_hindlimb_bud,27923844,12/6/16,Hindlimb Bud,,26906445,4177988,0.303,40133,0.9091
GSM2251439,GSE84795,e10.5_hindlimb_bud,27923844,12/6/16,Hindlimb Bud,,27968188,6699061,0.32,49700,0.8772
GSM2251440,GSE84795,e11.5_hindlimb_bud,27923844,12/6/16,Hindlimb Bud,,24154154,13727327,0.091,30074,0.9202
GSM2251441,GSE84795,e11.5_hindlimb_bud,27923844,12/6/16,Hindlimb Bud,,30522537,14286787,0.095,32932,0.9153
GSM2251442,GSE84795,e13.5_hindlimb_bud,27923844,12/6/16,Hindlimb Bud,,20637894,13811874,0.014,9730,0.9687
GSM2251443,GSE84795,e13.5_hindlimb_bud,27923844,12/6/16,Hindlimb Bud,,15265691,9316408,0.068,21647,0.9383
GSM2251444,GSE84795,e10.5_midbrain,27923844,12/6/16,Midbrain,,27224872,18470490,0.13,39972,0.8975
GSM2251445,GSE84795,e10.5_midbrain,27923844,12/6/16,Midbrain,,23498281,13986839,0.059,24996,0.9245
GSM2259905,GSE85185,v6.5,28536180,5/22/17,Embryonic Stem Cell,,97008070,16263823,0.392,79210,0.8985
GSM2259907,GSE85185,v6.5,28536180,5/22/17,Embryonic Stem Cell,,119657832,15709504,0.34,64735,0.9166
GSM2259909,GSE85185,neural_progenitor,28536180,5/22/17,Neural Progenitor,,168286126,15121507,0.149,35431,0.9334
GSM2319264,GSE87064,e14.5_rod,28472656;29514090;31493975,5/3/17,Retina,,30187627,22770382,0.116,34452,0.9047
GSM2319265,GSE87064,e14.5_rod,28472656;29514090;31493975,5/3/17,Retina,,51165471,37446983,0.019,15530,0.9556
GSM2319266,GSE87064,e17.5_rod,28472656;29514090;31493975,5/3/17,Retina,,43895180,31847423,0.053,24382,0.9015
GSM2319267,GSE87064,e17.5_rod,28472656;29514090;31493975,5/3/17,Retina,,55051019,41324920,0.033,22916,0.848
GSM2319268,GSE87064,postnatal_rod,28472656;29514090;31493975,5/3/17,Retina,,43172159,29561379,0.057,26828,0.9375
GSM2319269,GSE87064,postnatal_rod,28472656;29514090;31493975,5/3/17,Retina,,26691496,15480043,0.076,26219,0.9417
GSM2319270,GSE87064,postnatal_3_rod,28472656;29514090;31493975,5/3/17,Retina,,51890601,37233462,0.035,22689,0.8841
GSM2319271,GSE87064,postnatal_3_rod,28472656;29514090;31493975,5/3/17,Retina,,22842351,16577030,0.023,13932,0.9619
GSM2319272,GSE87064,postnatal_7_rod,28472656;29514090;31493975,5/3/17,Retina,,21015918,14691522,0.056,21265,0.9418
GSM2319273,GSE87064,postnatal_7_rod,28472656;29514090;31493975,5/3/17,Retina,,34928873,24954189,0.062,25825,0.9341
GSM2319274,GSE87064,postnatal_10_rod,28472656;29514090;31493975,5/3/17,Retina,,28720853,20304045,0.045,21162,0.9406
GSM2319275,GSE87064,postnatal_10_rod,28472656;29514090;31493975,5/3/17,Retina,,21637288,15930651,0.036,16543,0.9384
GSM2319276,GSE87064,postnatal_14_rod,28472656;29514090;31493975,5/3/17,Retina,,27930355,18751517,0.063,24464,0.9445
GSM2319277,GSE87064,postnatal_14_rod,28472656;29514090;31493975,5/3/17,Retina,,31743886,22878740,0.373,20930,0.5448
GSM2319278,GSE87064,postnatal_21_rod,28472656;29514090;31493975,5/3/17,Retina,,22676362,14145260,0.093,25303,0.9355
GSM2319279,GSE87064,postnatal_21_rod,28472656;29514090;31493975,5/3/17,Retina,,27868418,18278354,0.062,23427,0.949
GSM2319280,GSE87064,postnatal_21_rod,28472656;29514090;31493975,5/3/17,Retina,,21867378,15641791,0.081,24707,0.9409
GSM2319281,GSE87064,rod,28472656;29514090;31493975,5/3/17,Retina,,29634410,19228317,0.029,16095,0.9296
GSM2319282,GSE87064,rod,28472656;29514090;31493975,5/3/17,Retina,,49795485,35111232,0.047,23658,0.9502
GSM2319283,GSE87064,rod,28472656;29514090;31493975,5/3/17,Retina,,48348599,34008084,0.075,29265,0.9379
GSM2319284,GSE87064,iPSC,28472656;29514090;31493975,5/3/17,Induced Pluripotent Stem Cell,,73957840,32226220,0.083,42758,0.9171
GSM2319285,GSE87064,iPSC,28472656;29514090;31493975,5/3/17,Induced Pluripotent Stem Cell,,42061130,29787661,0.303,76462,0.8531
GSM2319286,GSE87064,iPSC,28472656;29514090;31493975,5/3/17,Induced Pluripotent Stem Cell,,19028801,13773301,0.172,45582,0.9218
GSM2319287,GSE87064,iPSC,28472656;29514090;31493975,5/3/17,Induced Pluripotent Stem Cell,,43369043,31053621,0.096,43393,0.9192
GSM2319288,GSE87064,mESC,28472656;29514090;31493975,5/3/17,Embryonic Stem Cell,,39591105,17975347,0.162,49418,0.905
GSM2319289,GSE87064,rod,28472656;29514090;31493975,5/3/17,Retina,,49075035,33723172,0.287,73661,0.8653
GSM2319290,GSE87064,rod,28472656;29514090;31493975,5/3/17,Retina,,47856420,33647328,0.214,62725,0.8768
GSM2319291,GSE87064,rod,28472656;29514090;31493975,5/3/17,Retina,,35765281,23082569,0.038,28175,0.9504
GSM2389510,GSE89722,Th1,28813658,8/15/17,"Spleen, Lymph nodes",,26120288,18175487,0.282,60638,0.8516
GSM2389512,GSE89722,Th1,28813658,8/15/17,"Spleen, Lymph nodes",,79615312,53084707,0.165,69982,0.8245
GSM2389513,GSE89722,Th1,28813658,8/15/17,"Spleen, Lymph nodes",,26454873,18709283,0.198,45498,0.8778
GSM2389515,GSE89722,Th1,28813658,8/15/17,"Spleen, Lymph nodes",,53682582,37554066,0.151,53421,0.8456
GSM2389516,GSE89722,Th1,28813658,8/15/17,"Spleen, Lymph nodes",,23725355,16485461,0.251,55622,0.8589
GSM2389518,GSE89722,Th1,28813658,8/15/17,"Spleen, Lymph nodes",,55883267,37185811,0.203,71166,0.8289
GSM2418362,GSE90958,DN2_cell,28938112,9/18/17,Bone Marrow,,30203161,20339384,0.087,37943,0.9421
GSM2418363,GSE90958,DN2_cell,28938112,9/18/17,Bone Marrow,,40176579,22462345,0.093,38093,0.9231
GSM2418364,GSE90958,DN2_cell,28938112,9/18/17,Bone Marrow,,47546529,24483084,0.105,40343,0.9176
GSM2418365,GSE90958,DN2_cell,28938112,9/18/17,Bone Marrow,,25918717,17684857,0.071,34060,0.949
GSM2418860,GSE90994,JM8.N4,28467304;31205001,5/3/17,Embryonic Stem Cell,,89554553,44608367,0.158,70179,0.897
GSM2418864,GSE90994,JM8.N4,28467304;31205001,5/3/17,Embryonic Stem Cell,,100160068,53318679,0.175,74936,0.8863
GSM2422875,GSE91405,postnatal_intestine,22955616,1/3/17,Intestine,,24834380,16649273,0.407,77862,0.8198
GSM2422876,GSE91405,postnatal_intestine,22955616,1/3/17,Intestine,,25854729,17453324,0.405,79641,0.8216
GSM2422925,GSE91433,postnatal_liver,22955616,1/3/17,Liver,,23107211,15772135,0.287,55985,0.8795
GSM2422926,GSE91433,postnatal_liver,22955616,1/3/17,Liver,,21859753,14995261,0.288,54967,0.8811
GSM2423018,GSE91488,postnatal_stomach,22955616,1/4/17,Stomach,,25459610,16855239,0.348,72763,0.8379
GSM2423019,GSE91488,postnatal_stomach,22955616,1/4/17,Stomach,,34364279,21731421,0.384,83844,0.8034
GSM2423089,GSE91529,postnatal_kidney,22955616,1/4/17,Kidney,,31645962,21061412,0.319,77249,0.8307
GSM2423090,GSE91529,postnatal_kidney,22955616,1/4/17,Kidney,,24620599,14715772,0.252,54638,0.8895
GSM2423094,GSE91532,postnatal_hindbrain,22955616,1/4/17,Hindbrain,,34551421,25265270,0.258,79515,0.7826
GSM2423095,GSE91532,postnatal_hindbrain,22955616,1/4/17,Hindbrain,,23029134,17153325,0.255,65252,0.8127
GSM2423276,GSE91640,e14.5_limb,22955616,1/4/17,Limb,,22579230,16827573,0.189,53410,0.8484
GSM2423277,GSE91640,e14.5_limb,22955616,1/4/17,Limb,,23571252,17782557,0.184,51892,0.8522
GSM2423428,GSE91731,e14.5_liver,22955616,1/4/17,Liver,,23637956,16393211,0.22,49968,0.8948
GSM2423429,GSE91731,e14.5_liver,22955616,1/4/17,Liver,,23408126,15410259,0.253,52129,0.8131
GSM2423465,GSE91751,postnatal_lung,22955616,1/4/17,Lung,,31765672,22313034,0.273,70374,0.807
GSM2423466,GSE91751,postnatal_lung,22955616,1/4/17,Lung,,28549513,20356742,0.277,66621,0.8174
GSM2423567,GSE91813,postnatal_heart,22955616,1/4/17,Heart,,25217187,19345441,0.114,37950,0.9031
GSM2423568,GSE91813,postnatal_heart,22955616,1/4/17,Heart,,23430720,17973037,0.143,41265,0.898
GSM2423846,GSE91978,postnatal_forebrain,22955616,1/4/17,Forebrain,,20928424,15890659,0.25,61661,0.8161
GSM2423847,GSE91978,postnatal_forebrain,22955616,1/4/17,Forebrain,,24045614,18096689,0.254,66247,0.8057
GSM2423848,GSE91979,e14.5_lung,22955616,1/4/17,Lung,,25754127,18981483,0.222,58746,0.8479
GSM2423849,GSE91979,e14.5_lung,22955616,1/4/17,Lung,,21690169,16030909,0.21,53916,0.8595
GSM2424230,GSE92209,postnatal_midbrain,22955616,1/4/17,Midbrain,,45032097,30045706,0.244,83376,0.8028
GSM2424231,GSE92209,postnantal_midbrain,22955616,1/4/17,Midbrain,,29769243,21310559,0.266,72115,0.8248
GSM2425116,GSE74826,mammary_gland,27376239;36232979,5/31/16,Mammary Gland,,23309178,3316155,0.256,32050,0.9312
GSM2433042,GSE92932,mammary_gland,28714474,5/25/17,Mammary Gland,,25440030,15801430,0.067,27507,0.9478
GSM2433043,GSE92932,mammary_gland,28714474,5/25/17,Mammary Gland,,24226318,16366727,0.099,29973,0.9403
GSM2445202,GSE93127,neutrophil,28167501,2/6/17,Neutrophil,,16574362,12020285,0.045,21008,0.9596
GSM2445203,GSE93127,myeloid_progenitor,28167501,2/6/17,Myeloid Progenitor,,12206434,9181397,0.057,23266,0.955
GSM2496432,GSE95116,AML12,29273625,12/3/17,Liver,,29219724,19375989,0.561,87301,0.8368
GSM2496433,GSE95116,AML12,29273625,12/3/17,Liver,,37053566,22936453,0.443,73720,0.8345
GSM2496434,GSE95116,AML12,29273625,12/3/17,Liver,,30304311,20098679,0.403,68924,0.8549
GSM2496435,GSE95116,AML12,29273625,12/3/17,Liver,,36447228,23343491,0.493,80657,0.8351
GSM2515924,GSE95533,3T3-L1,28475875,4/26/17,Embryonic Fibroblast,,20483957,14418709,0.292,53621,0.7934
GSM2515925,GSE95533,3T3-L1,28475875,4/26/17,Embryonic Fibroblast,,22029633,15213326,0.349,67060,0.7603
GSM2515926,GSE95533,3T3-L1_preadipocytes,28475875,4/26/17,Embryonic Fibroblast,,39784162,7396883,0.362,42188,0.793
GSM2515927,GSE95533,3T3-L1_preadipocytes,28475875,4/26/17,Embryonic Fibroblast,,25740837,17139074,0.319,65243,0.8227
GSM2515928,GSE95533,3T3-L1_preadipocytes_differentiating_day_2,28475875,4/26/17,Embryonic Fibroblast,,22549288,15592211,0.283,57075,0.8859
GSM2515929,GSE95533,3T3-L1_preadipocytes_differentiating_day_2,28475875,4/26/17,Embryonic Fibroblast,,23256890,15455863,0.4,76457,0.8256
GSM2515930,GSE95533,3T3-L1_preadipocytes_differentiating_day_4,28475875,4/26/17,Embryonic Fibroblast,,25486451,11982282,0.406,58736,0.8036
GSM2515931,GSE95533,3T3-L1_preadipocytes_differentiating_day_4,28475875,4/26/17,Embryonic Fibroblast,,21319005,14421533,0.345,60317,0.8773
GSM2515932,GSE95533,3T3-L1_preadipocytes_differentiating_day_7,28475875,4/26/17,Embryonic Fibroblast,,17814108,12502288,0.323,52834,0.8695
GSM2515933,GSE95533,3T3-L1_preadipocytes_differentiating_day_7,28475875,4/26/17,Embryonic Fibroblast,,16173181,12058484,0.368,54646,0.8565
GSM2533853,GSE96107,mESC,29053968,10/18/17,Embryonic Stem Cell,,88998658,61689299,0.37,101735,0.8538
GSM2533854,GSE96107,mESC,29053968,10/18/17,Embryonic Stem Cell,,131712292,83875638,0.537,130621,0.8285
GSM2533858,GSE96107,neural_progenitor,29053968,10/18/17,Neural Progenitor,,88923820,59006384,0.09,37930,0.9221
GSM2533859,GSE96107,neural_progenitor,29053968,10/18/17,Neural Progenitor,,145693718,88585750,0.133,44575,0.9117
GSM2533876,GSE96107,neuron,29053968,10/18/17,Cortex,,89011348,58262924,0.027,19874,0.9458
GSM2533877,GSE96107,neuron,29053968,10/18/17,Cortex,,176086642,100702088,0.032,25388,0.9359
GSM2535378,GSE96611,bone_marrow_reprogramming_day_2,29335546;34082786,1/30/18,Bone Marrow,,57618868,17036142,0.057,29327,0.9085
GSM2535379,GSE96611,bone_marrow_reprogramming_day_4,29335546;34082786,1/30/18,Bone Marrow,,60307372,12570645,0.035,18626,0.9387
GSM2535380,GSE96611,bone_marrow_reprogramming_day_6,29335546;34082786,1/30/18,Bone Marrow,,65595986,17674190,0.051,29194,0.9188
GSM2535381,GSE96611,bone_marrow_reprogramming_day_8,29335546;34082786,1/30/18,Bone Marrow,,63942030,18415117,0.067,35355,0.9005
GSM2535578,GSE98233,e12.5_distal_forelimb,28784160,7/12/17,Distal Forelimb,,156737223,51717137,0.117,54188,0.8774
GSM2538390,GSE96693,cardiomyocyte,28802249,8/30/17,Left Ventricle,,17265196,11692564,0.028,13878,0.9363
GSM2579420,GSE97871,Ter119+_erythroid,28737770,6/14/17,Spleen,,171174802,116619356,0.098,35247,0.8848
GSM2579421,GSE97871,Ter119+_erythroid,28737770,6/14/17,Spleen,,182612410,132033195,0.114,44274,0.791
GSM2587396,GSE98119,CH12,29706548,5/1/18,B Lymphocyte,B-cell Lymphoma,37904293,22693733,0.131,46943,0.9027
GSM2587397,GSE98119,CH12,29706548,5/1/18,B Lymphocyte,B-cell Lymphoma,22062666,5665963,0.083,20385,0.8534
GSM2587398,GSE98119,CH12,29706548,5/1/18,B Lymphocyte,B-cell Lymphoma,20234714,6991188,0.09,25270,0.8744
GSM2587403,GSE98119,mESC,29706548,5/1/18,Embryonic Stem Cell,,10755119,6759680,0.025,11798,0.9588
GSM2587404,GSE98119,mESC,29706548,5/1/18,Embryonic Stem Cell,,25509017,14821505,0.045,27377,0.9524
GSM2587405,GSE98119,mESC,29706548,5/1/18,Embryonic Stem Cell,,21157958,13207698,0.007,5199,0.9705
GSM2587406,GSE98119,mESC,29706548,5/1/18,Embryonic Stem Cell,,18393254,12112423,0.023,16492,0.9679
GSM2587407,GSE98119,mESC,29706548,5/1/18,Embryonic Stem Cell,,24928316,15523409,0.058,33549,0.9549
GSM2587408,GSE98119,mESC,29706548,5/1/18,Embryonic Stem Cell,,15081688,9865597,0.023,14967,0.9679
GSM2609185,GSE98671,E14,28525758,5/25/17,Embryonic Stem Cell,,15681599,10746388,0.276,50243,0.908
GSM2609188,GSE98671,E14,28525758,5/25/17,Embryonic Stem Cell,,14346860,9398947,0.31,47560,0.9116
GSM2610640,GSE98724,villus,29321178,1/11/18,Intestine,,33669341,17609297,0.116,31932,0.923
GSM2635592,GSE99197,activated_primary_B_cell,28735753,6/28/17,Not Stated,,49801070,21641655,0.179,49898,0.8445
GSM2635593,GSE99197,MEF,28735753,6/28/17,Embryonic Fibroblast,,49485104,18314989,0.14,47852,0.8509
GSM2635594,GSE99197,resting_primary_B_cell,28735753,6/28/17,Not Stated,,67976904,25434311,0.318,73104,0.7567
GSM2635596,GSE99197,primary_T_cell,28735753,6/28/17,Not Stated,,89373298,36054010,0.195,64415,0.7926
GSM2643058,GSE99363,neuron,28671686,7/1/17,Cortex,,207330020,109118915,0.025,22162,0.9479
GSM2643059,GSE99363,neuron,28671686,7/1/17,Cortex,,150725632,78545433,0.04,29196,0.9522
GSM2643060,GSE99363,neuron,28671686,7/1/17,Cortex,,89094078,49128603,0.08,34917,0.8155
GSM2643061,GSE99363,neuron,28671686,7/1/17,Cortex,,140221892,56327779,0.098,49266,0.7546
GSM2643062,GSE99363,neuron,28671686,7/1/17,Cortex,,90744212,50881333,0.06,32446,0.9413
GSM2643063,GSE99363,neuron,28671686,7/1/17,Cortex,,111894656,51009776,0.044,24017,0.9382
GSM2643064,GSE99363,neuron,28671686,7/1/17,Cortex,,149857386,62899302,0.075,38408,0.9027
GSM2643065,GSE99363,neuron,28671686,7/1/17,Cortex,,104500848,55154375,0.033,21142,0.9467
GSM2645515,GSE99530,mESC,30224650,9/13/18,Embryonic Stem Cell,,53208050,36522572,0.103,59071,0.9191
GSM2645516,GSE99530,mESC,30224650,9/13/18,Embryonic Stem Cell,,52608507,35957866,0.111,61743,0.92
GSM2652788,GSE82144,resting_B_cell,29706548;29555645,8/10/17,Spleen,,4950646,2660243,0.389,31891,0.9205
GSM2652789,GSE82144,resting_B_cell,29706548;29555645,8/10/17,Spleen,,4389751,2178829,0.403,29976,0.9276
GSM2652790,GSE82144,activated_B_cell,29706548;29555645,8/10/17,Spleen,,4874850,3059088,0.284,33329,0.9439
GSM2652791,GSE82144,activated_B_cell,29706548;29555645,8/10/17,Spleen,,5410182,3339772,0.295,35606,0.9445
GSM2667233,GSE99991,neural_progenitor,29887375,6/7/18,Neural Progenitor,,72134380,54217727,0.271,81281,0.8623
GSM2667238,GSE99991,neural_progenitor,29887375,6/7/18,Neural Progenitor,,65209192,48204078,0.26,72822,0.8752
GSM2667243,GSE99991,neural_progenitor,29887375,6/7/18,Neural Progenitor,,75061968,54529717,0.168,56916,0.8886
GSM2667248,GSE99991,neural_progenitor,29887375,6/7/18,Neural Progenitor,,63581754,46018773,0.166,54272,0.9018
GSM2684854,GSE87185,AtT-20,29358650;34197620;40378211,1/24/18,Pituitary gland,Tumor,137218150,101689834,0.006,9863,0.9732
GSM2702903,GSE100835,HPC-7,29429976,1/25/18,Hematopoetic Progenitor,,54129535,29853039,0.107,45395,0.9258
GSM2702904,GSE100835,HPC-7,29429976,1/25/18,Hematopoetic Progenitor,,41379633,23745699,0.164,53029,0.9111
GSM2702905,GSE100835,HPC-7,29429976,1/25/18,Hematopoetic Progenitor,,41307700,23652235,0.104,40605,0.9291
GSM2702906,GSE100835,HPC-7,29429976,1/25/18,Hematopoetic Progenitor,,41902818,24458682,0.118,43602,0.9241
GSM2713707,GSE101717,e12.5_distal_forelimb,29273679;31299961,12/22/17,Distal Forelimb,,181140348,55643160,0.116,55883,0.8716
GSM2713708,GSE101717,e12.5_proximal_forelimb,29273679;31299961,12/22/17,Proximal Forelimb,,189433084,60370025,0.107,55620,0.8774
GSM2713709,GSE101717,e12.5_whole_forelimb_and_hindlimb,29273679;31299961,12/22/17,Whole Forelimb and Hindlimb,,45645591,12928103,0.121,35010,0.918
GSM2740559,GSE93431,liver,29094699,6/10/17,Liver,,33037373,7398330,0.128,29694,0.9256
GSM2740560,GSE93431,liver,29094699,6/10/17,Liver,,43869370,12377929,0.016,9974,0.9565
GSM2752310,GSE102999,liver,29757144;32680543,5/11/18,Liver,,16954532,11034044,0.236,47914,0.8044
GSM2752311,GSE102999,liver,29757144;32680543,5/11/18,Liver,,21984490,14318506,0.23,50780,0.8295
GSM2752312,GSE102999,liver,29757144;32680543,5/11/18,Liver,,19943125,11814560,0.248,49978,0.791
GSM2752313,GSE102999,liver,29757144;32680543,5/11/18,Liver,,18811789,11522608,0.089,30483,0.9138
GSM2757302,GSE103199,NIH-3T3,29860503,5/30/18,Embryonic Fibroblast,,100494440,4775546,0.263,36761,0.6799
GSM2787567,GSE104000,JM8.N4,,2/1/24,Embryonic Stem Cell,,52934677,33016666,0.361,100456,0.8699
GSM2787572,GSE104000,JM8.N4,,2/1/24,Embryonic Stem Cell,,49197765,28586808,0.332,85194,0.881
GSM2790409,GSE104129,liver,29439026,2/9/18,Liver,,9919009,5838944,0.455,56234,0.7175
GSM2790410,GSE104129,liver,29439026,2/9/18,Liver,,9468270,5375523,0.472,55133,0.7277
GSM2797831,GSE104427,MEF,29654311,2/12/18,Embryonic Fibroblast,,30052884,5651319,0.039,14214,0.9609
GSM2797832,GSE104427,MEF,29654311,2/12/18,Embryonic Fibroblast,,22403867,5033529,0.146,28317,0.929
GSM2817432,GSE105071,e13.5_telencephalon,30377227,4/5/19,Telencephalon,,83152620,27179764,0.062,22830,0.9364
GSM2832556,GSE97871,Ter119+_erythroid,28737770,6/14/17,Spleen,,127415380,88198065,0.108,35693,0.8467
GSM2867769,GSE90017,e16.5_nephron_progenitor,,1/17/18,Nephron Progenitor,,30938850,13723612,0.037,19793,0.9553
GSM2867770,GSE90017,e16.5_nephron_progenitor,,1/17/18,Nephron Progenitor,,37352405,24503905,0.134,42229,0.9154
GSM2870294,GSE74055,E14,29313530,1/9/18,Embryonic Stem Cell,,34139249,20372440,0.234,76075,0.8691
GSM2870298,GSE74055,E14,29313530,1/9/18,Embryonic Stem Cell,,27376034,19428047,0.306,88808,0.8478
GSM2916414,GSE108948,mESC,29514105,3/6/18,Embryonic Stem Cell,,5044380,2038039,0.364,24514,0.9427
GSM2916415,GSE108948,mESC,29514105,3/6/18,Embryonic Stem Cell,,13761558,5593137,0.263,29572,0.9391
GSM2916416,GSE108948,mESC,29514105,3/6/18,Embryonic Stem Cell,,9685472,3894070,0.052,5998,0.9546
GSM2916418,GSE108948,mESC,29514105,3/6/18,Embryonic Stem Cell,,9331400,3720341,0.152,16861,0.9532
GSM2948251,GSE109671,pre_B_cell_young,30180872,6/27/18,Bone Marrow,,111418600,69733465,0.009,9994,0.9701
GSM2948255,GSE109671,pre_B_cell_aged,30180872,6/27/18,Bone Marrow,,177487826,106489181,0.007,10479,0.9726
GSM2948958,GSE87064,iPSC,28472656;29514090;31493975,5/3/17,Induced Pluripotent Stem Cell,,26099737,11959500,0.169,44222,0.922
GSM2948959,GSE87064,iPSC,28472656;29514090;31493975,5/3/17,Induced Pluripotent Stem Cell,,46373387,34300652,0.099,49507,0.9075
GSM2948960,GSE87064,iPSC,28472656;29514090;31493975,5/3/17,Induced Pluripotent Stem Cell,,23243702,17081083,0.146,49448,0.9082
GSM2948961,GSE87064,iPSC,28472656;29514090;31493975,5/3/17,Induced Pluripotent Stem Cell,,26160975,18347375,0.122,42357,0.9259
GSM2948962,GSE87064,iPSC,28472656;29514090;31493975,5/3/17,Induced Pluripotent Stem Cell,,23611121,17358610,0.133,44885,0.9226
GSM2948963,GSE87064,iPSC,28472656;29514090;31493975,5/3/17,Induced Pluripotent Stem Cell,,37531597,26962916,0.179,59004,0.8828
GSM2948964,GSE87064,iPSC,28472656;29514090;31493975,5/3/17,Induced Pluripotent Stem Cell,,39068644,28133925,0.093,43860,0.9282
GSM2948965,GSE87064,iPSC,28472656;29514090;31493975,5/3/17,Induced Pluripotent Stem Cell,,51040948,37726825,0.119,52517,0.9049
GSM2948966,GSE87064,iPSC,28472656;29514090;31493975,5/3/17,Induced Pluripotent Stem Cell,,65077815,27425901,0.086,43532,0.9265
GSM2948967,GSE87064,iPSC,28472656;29514090;31493975,5/3/17,Induced Pluripotent Stem Cell,,43362361,31950642,0.154,55048,0.8981
GSM2948968,GSE87064,iPSC,28472656;29514090;31493975,5/3/17,Induced Pluripotent Stem Cell,,35599978,21066048,0.058,33343,0.9434
GSM2948969,GSE87064,iPSC,28472656;29514090;31493975,5/3/17,Induced Pluripotent Stem Cell,,32089448,23793929,0.128,49043,0.9093
GSM2948970,GSE87064,iPSC,28472656;29514090;31493975,5/3/17,Induced Pluripotent Stem Cell,,52166559,23132300,0.047,30435,0.9386
GSM2948971,GSE109712,iPSC,29514090,1/28/18,Induced Pluripotent Stem Cell,,28932526,21259906,0.029,18904,0.9271
GSM2948972,GSE109712,iPSC,29514090,1/28/18,Induced Pluripotent Stem Cell,,36268699,25818421,0.099,44466,0.9243
GSM2948973,GSE109712,iPSC,29514090,1/28/18,Induced Pluripotent Stem Cell,,40895547,24811637,0.048,32585,0.945
GSM2948974,GSE109712,iPSC,29514090,1/28/18,Induced Pluripotent Stem Cell,,49276589,36037880,0.143,55724,0.8894
GSM2948975,GSE109712,iPSC,29514090,1/28/18,Induced Pluripotent Stem Cell,,21284361,15830368,0.139,44251,0.9238
GSM2948976,GSE109712,iPSC,29514090,1/28/18,Induced Pluripotent Stem Cell,,28286447,21014902,0.189,53167,0.9076
GSM2948977,GSE109712,iPSC,29514090,1/28/18,Induced Pluripotent Stem Cell,,33815461,17040285,0.134,47954,0.9068
GSM2948978,GSE109712,iPSC,29514090,1/28/18,Induced Pluripotent Stem Cell,,38247129,28351814,0.149,53277,0.9035
GSM2948979,GSE109712,iPSC,29514090,1/28/18,Induced Pluripotent Stem Cell,,44842037,32397630,0.159,56787,0.8975
GSM2948980,GSE109712,iPSC,29514090,1/28/18,Induced Pluripotent Stem Cell,,28161020,20467814,0.251,60918,0.8881
GSM2948981,GSE109712,iPSC,29514090,1/28/18,Induced Pluripotent Stem Cell,,38210506,28763487,0.068,30349,0.9341
GSM2948982,GSE109712,iPSC,29514090,1/28/18,Induced Pluripotent Stem Cell,,30108024,22039710,0.038,22308,0.9544
GSM2948983,GSE109712,iPSC,29514090,1/28/18,Induced Pluripotent Stem Cell,,43572647,31527417,0.132,44569,0.9119
GSM2948984,GSE109712,postnatal_21_rod,29514090,1/28/18,Retina,,66160562,48344325,0.039,23156,0.9513
GSM2948985,GSE109712,postnatal_6_rod,29514090,1/28/18,Retina,,40657645,28671071,0.014,12230,0.9435
GSM2973685,GSE109909,RAG1KO_pro_B_cell,29593713,4/18/18,"Bone Marrow, Spleen",,114441245,44338710,0.156,66581,0.8211
GSM2973687,GSE109909,RAG1KO_pre_B_cell,29593713,4/18/18,"Bone Marrow, Spleen",,5967060,4305964,0.472,44763,0.902
GSM3019280,GSE110950,TSC,31628347,9/25/19,Trophoblast Stem Cell,,21743185,9040749,0.505,71231,0.9011
GSM3027977,GSE98119,CH12,29706548,5/1/18,B Lymphocyte,B-cell Lymphoma,40976533,22042096,0.255,67482,0.8408
GSM3027978,GSE98119,CH12,29706548,5/1/18,B Lymphocyte,B-cell Lymphoma,48582375,31198980,0.066,35993,0.856
GSM3027979,GSE98119,CH12,29706548,5/1/18,B Lymphocyte,B-cell Lymphoma,33902014,22040468,0.132,46865,0.8708
GSM3027980,GSE98119,CH12,29706548,5/1/18,B Lymphocyte,B-cell Lymphoma,46365670,27404489,0.169,58685,0.8579
GSM3027981,GSE98119,activated_B_cell,29706548,5/1/18,Spleen,,32912434,21559899,0.305,78524,0.886
GSM3027982,GSE98119,activated_B_cell,29706548,5/1/18,Spleen,,43698909,26881883,0.352,90848,0.8717
GSM3027983,GSE98119,activated_B_cell,29706548,5/1/18,Spleen,,52871252,32046097,0.322,83992,0.8759
GSM3027984,GSE98119,activated_B_cell,29706548,5/1/18,Spleen,,36130589,24236583,0.184,55893,0.9141
GSM3027985,GSE98119,activated_B_cell,29706548,5/1/18,Spleen,,49524436,32752099,0.243,69554,0.8935
GSM3027986,GSE98119,activated_B_cell,29706548,5/1/18,Spleen,,43974355,27143835,0.254,67816,0.8903
GSM3039567,GSE111772,spleen,,9/1/18,Spleen,,106686938,39437697,0.436,215658,0.7176
GSM3040201,GSE115984,MEF,30604745,11/7/18,Embryonic Fibroblast,,64201546,43439161,0.125,45526,0.9087
GSM3040202,GSE115984,MEF,30604745,11/7/18,Embryonic Fibroblast,,67817676,44978607,0.183,52676,0.8848
GSM3040203,GSE115984,MEF,30604745,11/7/18,Embryonic Fibroblast,,38386258,24718673,0.122,36599,0.9256
GSM3040204,GSE115984,MEF,30604745,11/7/18,Embryonic Fibroblast,,46035092,30199632,0.161,43007,0.8972
GSM3040205,GSE115984,MEF,30604745,11/7/18,Embryonic Fibroblast,,62819236,43201892,0.158,51721,0.9102
GSM3040206,GSE115984,MEF,30604745,11/7/18,Embryonic Fibroblast,,67240442,46625515,0.182,54887,0.9019
GSM3040207,GSE115984,MEF,30604745,11/7/18,Embryonic Fibroblast,,62680782,43356369,0.186,52699,0.9097
GSM3040208,GSE115984,MEF,30604745,11/7/18,Embryonic Fibroblast,,64872478,44047949,0.186,49272,0.8997
GSM3040209,GSE115984,MEF,30604745,11/7/18,Embryonic Fibroblast,,45478280,31057319,0.138,41722,0.9131
GSM3040210,GSE115984,MEF,30604745,11/7/18,Embryonic Fibroblast,,45624046,30955310,0.179,49586,0.9148
GSM3058327,GSE112136,mESC,30996347,4/18/19,Embryonic Stem Cell,,54200868,38007974,0.12,57803,0.9148
GSM3058328,GSE112136,mESC,30996347,4/18/19,Embryonic Stem Cell,,60425597,43631761,0.014,14762,0.9389
GSM3058881,GSE112153,mOSN,30626972,3/29/18,Mature Olfactory Sensory Neurons,,57187032,20069409,0.088,25633,0.9528
GSM3058882,GSE112153,mOSN,30626972,3/29/18,Mature Olfactory Sensory Neurons,,61822260,14432290,0.128,30914,0.9102
GSM3145752,GSE114599,mESC,30948436,3/25/19,Embryonic Stem Cell,,23865184,13153192,0.014,11501,0.9398
GSM3145753,GSE114599,mESC,30948436,3/25/19,Embryonic Stem Cell,,23613950,13196350,0.017,12172,0.9479
GSM3145754,GSE114599,mESC,30948436,3/25/19,Embryonic Stem Cell,,28406863,17023969,0.075,37958,0.9364
GSM3145755,GSE114599,mESC,30948436,3/25/19,Embryonic Stem Cell,,23255760,15406863,0.02,15925,0.9547
GSM3145756,GSE114599,mESC,30948436,3/25/19,Embryonic Stem Cell,,20870080,17613431,0.122,45769,0.9055
GSM3259343,GSE116723,dorsal_dermis,30122476,7/7/18,Dorsal Dermis,,36411578,23844115,0.387,72912,0.7962
GSM3259344,GSE116723,dorsal_dermis,30122476,7/7/18,Dorsal Dermis,,51408306,32705535,0.366,98091,0.768
GSM3259345,GSE116723,dorsal_dermis,30122476,7/7/18,Dorsal Dermis,,40193702,26478540,0.37,86250,0.7914
GSM3259352,GSE116723,ear_dermis,30122476,7/7/18,Ear Dermis,,53220983,30376251,0.407,83216,0.7637
GSM3259353,GSE116723,ear_dermis,30122476,7/7/18,Ear Dermis,,41843178,23576298,0.529,104746,0.7749
GSM3259354,GSE116723,ear_dermis,30122476,7/7/18,Ear Dermis,,45271666,25175938,0.527,108170,0.7663
GSM3271247,GSE117100,MIN6,31848151,12/3/20,"Pancreas, Islets of Langerhans",,49561700,32376120,0.244,52422,0.9127
GSM3327818,GSE118402,TSC,31256989,6/27/19,Trophoblast Stem Cell,,39452940,25460549,0.112,48902,0.9298
GSM3327819,GSE118402,TSC,31256989,6/27/19,Trophoblast Stem Cell,,39803264,25791968,0.055,33062,0.9425
GSM3331487,GSE112136,mESC,30996347,4/18/19,Embryonic Stem Cell,,35381997,25736123,0.075,41718,0.9375
GSM3331488,GSE112136,mESC,30996347,4/18/19,Embryonic Stem Cell,,35361399,25885010,0.076,42588,0.9351
GSM3331489,GSE112136,mESC,30996347,4/18/19,Embryonic Stem Cell,,34920059,25262741,0.078,42496,0.9415
GSM3331490,GSE112136,mESC,30996347,4/18/19,Embryonic Stem Cell,,34183979,24904838,0.1,47226,0.9381
GSM3331491,GSE112136,mESC,30996347,4/18/19,Embryonic Stem Cell,,33122918,23766698,0.059,34493,0.9477
GSM3331492,GSE112136,mESC,30996347,4/18/19,Embryonic Stem Cell,,33897947,24351766,0.059,34688,0.9467
GSM3331493,GSE112136,mESC,30996347,4/18/19,Embryonic Stem Cell,,38507267,27808985,0.032,22066,0.9428
GSM3331494,GSE112136,mESC,30996347,4/18/19,Embryonic Stem Cell,,30647029,22235108,0.027,17839,0.9452
GSM3380966,GSE119697,mESC,30676316,1/31/19,Embryonic Stem Cell,,42906988,30438053,0.209,68566,0.8854
GSM3386197,GSE119874,embryoid_bodies,29090280;30940539,1/1/19,Embryoid Bodies,,43900248,32032331,0.248,73997,0.7245
GSM3399691,GSE120393,E14,32094912,1/7/20,Embryonic Stem Cell,,42028942,27494238,0.087,43516,0.9369
GSM3399692,GSE120393,E14,32094912,1/7/20,Embryonic Stem Cell,,24389750,14947097,0.108,38315,0.9417
GSM3432416,GSE121355,CH12,31402173,8/1/19,B Lymphocyte,B-cell Lymphoma,38256578,24069014,0.101,43120,0.9272
GSM3432417,GSE121355,CH12,31402173,8/1/19,B Lymphocyte,B-cell Lymphoma,28709004,19233908,0.104,41083,0.9286
GSM3432431,GSE121355,CH12,31402173,8/1/19,B Lymphocyte,B-cell Lymphoma,35694333,23906618,0.084,38642,0.9362
GSM3432432,GSE121355,CH12,31402173,8/1/19,B Lymphocyte,B-cell Lymphoma,28132451,18838781,0.032,20885,0.9574
GSM3453046,GSE122019,MEF,30604745,11/7/18,Embryonic Fibroblast,,58841998,39479887,0.072,29668,0.9178
GSM3453048,GSE122019,MEF,30604745,11/7/18,Embryonic Fibroblast,,85076530,52533465,0.057,24883,0.9322
GSM3453050,GSE122019,MEF,30604745,11/7/18,Embryonic Fibroblast,,52219508,35372052,0.064,25726,0.936
GSM3453052,GSE122019,MEF,30604745,11/7/18,Embryonic Fibroblast,,53351580,35601687,0.085,33002,0.9027
GSM3453054,GSE122019,MEF,30604745,11/7/18,Embryonic Fibroblast,,52696364,34127010,0.076,27604,0.9027
GSM3453056,GSE122019,MEF,30604745,11/7/18,Embryonic Fibroblast,,30315052,20238839,0.049,18464,0.9412
GSM3495175,GSE123101,mESC,31404833,8/8/19,Embryonic Stem Cell,,56421007,40926731,0.067,41537,0.8803
GSM3495176,GSE123101,mESC,31404833,8/8/19,Embryonic Stem Cell,,51397010,36838108,0.074,41445,0.9199
GSM3495183,GSE123101,mESC,31404833,8/8/19,Embryonic Stem Cell,,67445210,47695760,0.086,49429,0.8966
GSM3495184,GSE123101,mESC,31404833,8/8/19,Embryonic Stem Cell,,69921164,50316006,0.101,55927,0.8644
GSM3498276,GSE123209,naive_CD4+_T_cells,31665634;36917143,11/4/19,"Spleen, Lymph Nodes",,34266131,19219940,0.359,64350,0.8207
GSM3498277,GSE123209,naive_CD4+_T_cells,31665634;36917143,11/4/19,"Spleen, Lymph Nodes",,33086244,17862373,0.356,60508,0.8477
GSM3498278,GSE123209,activated_CD4+_T_cell,31665634;36917143,11/4/19,"Spleen, Lymph Nodes",,28340906,17998653,0.352,73226,0.8336
GSM3498279,GSE123209,activated_CD4+_T_cell,31665634;36917143,11/4/19,"Spleen, Lymph Nodes",,30687290,17031108,0.372,74878,0.8367
GSM3498280,GSE123209,activated_CD4+_T_cell,31665634;36917143,11/4/19,"Spleen, Lymph Nodes",,10585473,4867820,0.445,54251,0.9432
GSM3498281,GSE123209,activated_CD4+_T_cell,31665634;36917143,11/4/19,"Spleen, Lymph Nodes",,25522379,15791724,0.46,79686,0.8132
GSM3498282,GSE123209,naive_CD4+_T_cells,31665634;36917143,11/4/19,"Spleen, Lymph Nodes",,22188786,12614235,0.467,58877,0.7996
GSM3498283,GSE123209,naive_CD4+_T_cells,31665634;36917143,11/4/19,"Spleen, Lymph Nodes",,18510493,7195633,0.469,34032,0.707
GSM3498284,GSE123209,activated_CD4+_T_cell,31665634;36917143,11/4/19,"Spleen, Lymph Nodes",,19871790,11593509,0.497,69595,0.7704
GSM3498285,GSE123209,activated_CD4+_T_cell,31665634;36917143,11/4/19,"Spleen, Lymph Nodes",,30472294,23538830,0.307,67578,0.8738
GSM3498286,GSE123209,activated_CD4+_T_cell,31665634;36917143,11/4/19,"Spleen, Lymph Nodes",,20632263,10767248,0.546,62075,0.6744
GSM3498287,GSE123209,activated_CD4+_T_cell,31665634;36917143,11/4/19,"Spleen, Lymph Nodes",,21369205,16977359,0.236,50326,0.8984
GSM3498288,GSE123209,activated_CD4+_T_cell,31665634;36917143,11/4/19,"Spleen, Lymph Nodes",,25440162,19349922,0.207,41771,0.8949
GSM3498289,GSE123209,activated_CD4+_T_cell,31665634;36917143,11/4/19,"Spleen, Lymph Nodes",,25778731,19710812,0.204,41876,0.897
GSM3498290,GSE123209,activated_CD4+_T_cell,31665634;36917143,11/4/19,"Spleen, Lymph Nodes",,27666538,19003292,0.087,30508,0.8983
GSM3498291,GSE123209,activated_CD4+_T_cell,31665634;36917143,11/4/19,"Spleen, Lymph Nodes",,29673725,20941529,0.162,41244,0.894
GSM3498292,GSE123209,activated_CD4+_T_cell,31665634;36917143,11/4/19,"Spleen, Lymph Nodes",,27744648,21276542,0.279,58473,0.8605
GSM3498293,GSE123209,activated_CD4+_T_cell,31665634;36917143,11/4/19,"Spleen, Lymph Nodes",,28173821,21095009,0.014,9218,0.6098
GSM3498294,GSE123209,activated_CD4+_T_cell,31665634;36917143,11/4/19,"Spleen, Lymph Nodes",,24370625,18707067,0.277,53256,0.8916
GSM3498295,GSE123209,activated_CD4+_T_cell,31665634;36917143,11/4/19,"Spleen, Lymph Nodes",,28853369,21988913,0.109,40109,0.8518
GSM3498296,GSE123209,activated_CD4+_T_cell,31665634;36917143,11/4/19,"Spleen, Lymph Nodes",,27942966,21279323,0.297,60356,0.8472
GSM3498297,GSE123209,activated_CD4+_T_cell,31665634;36917143,11/4/19,"Spleen, Lymph Nodes",,35258762,26295728,0.017,11644,0.6463
GSM3498298,GSE123209,activated_CD4+_T_cell,31665634;36917143,11/4/19,"Spleen, Lymph Nodes",,29927798,22452498,0.309,62031,0.8675
GSM3498299,GSE123209,activated_CD4+_T_cell,31665634;36917143,11/4/19,"Spleen, Lymph Nodes",,36565087,27714062,0.111,43687,0.8451
GSM3498310,GSE123209,activated_CD4+_T_cell,31665634;36917143,11/4/19,"Spleen, Lymph Nodes",,29076318,22857955,0.242,56761,0.8935
GSM3498311,GSE123209,activated_CD4+_T_cell,31665634;36917143,11/4/19,"Spleen, Lymph Nodes",,32386437,25573383,0.244,58319,0.8877
GSM3498312,GSE123209,activated_CD4+_T_cell,31665634;36917143,11/4/19,"Spleen, Lymph Nodes",,24329609,19048109,0.263,53923,0.8889
GSM3498313,GSE123209,activated_CD4+_T_cell,31665634;36917143,11/4/19,"Spleen, Lymph Nodes",,24503461,19322716,0.264,54023,0.8873
GSM3502477,GSE123388,E10.5_limb,31147463,5/13/19,Limb,,28992538,12363329,0.288,66418,0.8914
GSM3502478,GSE123388,E10.5_limb,31147463,5/13/19,Limb,,29369034,17775845,0.365,72758,0.8569
GSM3502479,GSE123388,E10.5_limb,31147463,5/13/19,Limb,,26721797,16355771,0.331,62891,0.8777
GSM3508478,GSE123636,JM8.N4,31522987,5/30/19,Embryonic Stem Cell,,86365125,42216062,0.26,91106,0.8852
GSM3508689,GSE123670,MEF_reprogramming_day_10,35385732,4/5/22,Embryonic Fibroblast,,66383414,31698039,0.031,15429,0.9608
GSM3508691,GSE123670,MEF_reprogramming_day_10,35385732,4/5/22,Embryonic Fibroblast,,89358930,41801065,0.164,53707,0.8912
GSM3508695,GSE123670,E14,35385732,4/5/22,Embryonic Stem Cell,,86041584,41252601,0.511,87372,0.8504
GSM3508696,GSE123670,E14,35385732,4/5/22,Embryonic Stem Cell,,102634616,46779334,0.424,95868,0.7992
GSM3514541,GSE115862,mOSN,30955885,4/15/19,Mature Olfactory Sensory Neurons,,46358344,26987297,0.027,19667,0.9612
GSM3514542,GSE115862,mOSN,30955885,4/15/19,Mature Olfactory Sensory Neurons,,48728833,29124029,0.037,22973,0.9566
GSM3514543,GSE115862,mOSN,30955885,4/15/19,Mature Olfactory Sensory Neurons,,54122239,34136748,0.019,17070,0.9644
GSM3563950,GSE125129,mESC,31491387,9/5/19,Embryonic Stem Cell,,23756080,15056222,0.301,72258,0.8856
GSM3563952,GSE125129,mESC,31491387,9/5/19,Embryonic Stem Cell,,26303810,16795092,0.284,74695,0.8819
GSM3563954,GSE125129,mESC,31491387,9/5/19,Embryonic Stem Cell,,23788349,16688484,0.336,79793,0.9009
GSM3563956,GSE125129,mESC,31491387,9/5/19,Embryonic Stem Cell,,25045988,17834649,0.317,81477,0.9007
GSM3568502,GSE125294,E12.5_embryonic_limb_bud,31358994,6/1/19,Embryonic Limb Bud,,30962103,21225222,0.037,21424,0.9464
GSM3568503,GSE125294,E12.5_embryonic_limb_bud,31358994,6/1/19,Embryonic Limb Bud,,33443485,10281527,0.09,28457,0.9004
GSM3577968,GSE125595,E14,31522988,9/12/19,Embryonic Stem Cell,,51194308,18256487,0.147,51448,0.9096
GSM3597225,GSE126362,differentiating_mESC,31127120,4/16/19,Embryonic Stem Cell,,39032046,27262806,0.146,54237,0.871
GSM3597226,GSE126362,differentiating_mESC,31127120,4/16/19,Embryonic Stem Cell,,42563159,29426705,0.17,60579,0.8556
GSM3597227,GSE126362,differentiating_mESC,31127120,4/16/19,Embryonic Stem Cell,,33493821,21975723,0.236,65813,0.8522
GSM3597228,GSE126362,differentiating_mESC,31127120,4/16/19,Embryonic Stem Cell,,30065812,19929457,0.227,62109,0.864
GSM3615251,GSE92412,E14,31036938,4/30/19,Embryonic Stem Cell,,31964190,22941945,0.098,39882,0.9183
GSM3615252,GSE92412,E14,31036938,4/30/19,Embryonic Stem Cell,,28292452,19861276,0.084,34856,0.9214
GSM3615253,GSE92412,EpiLSC,31036938,4/30/19,Epiblast-like Stem Cell,,41067856,29220010,0.044,29880,0.9502
GSM3615254,GSE92412,EpiLSC,31036938,4/30/19,Epiblast-like Stem Cell,,37694592,27176465,0.087,42880,0.9393
GSM3615255,GSE92412,E14,31036938,4/30/19,Embryonic Stem Cell,,40466872,28899872,0.054,32435,0.9523
GSM3615256,GSE92412,E14,31036938,4/30/19,Embryonic Stem Cell,,42699862,30637190,0.04,27408,0.9543
GSM3640293,GSE127870,E13.5_metanephros,31209053,6/3/19,Metanephros,,53840030,32328279,0.404,52989,0.8621
GSM3640294,GSE127870,E13.5_metanephros,31209053,6/3/19,Metanephros,,85378114,48876887,0.273,48655,0.8711
GSM3640298,GSE127870,E13.5_forebrain,31209053,6/3/19,Forebrain,,31625318,24790071,0.339,45184,0.8618
GSM3659842,GSE127995,anterior_dorsal_cerebellar_vermis,31068695,5/9/19,Cerebellum,,53313034,28914684,0.098,28420,0.9244
GSM3659843,GSE127995,anterior_dorsal_cerebellar_vermis,31068695,5/9/19,Cerebellum,,53709554,25610634,0.123,29908,0.9174
GSM3659846,GSE127995,anterior_dorsal_cerebellar_vermis,31068695,5/9/19,Cerebellum,,60323212,23826612,0.036,17354,0.9432
GSM3659847,GSE127995,anterior_dorsal_cerebellar_vermis,31068695,5/9/19,Cerebellum,,47607724,26014216,0.091,25638,0.9211
GSM3713720,GSE129478,HPC-7,31515253,4/9/19,Hematopoetic Progenitor,,50481584,14541590,0.064,30409,0.9455
GSM3713721,GSE129478,HPC-7,31515253,4/9/19,Hematopoetic Progenitor,,48416489,14949028,0.064,30851,0.9457
GSM3713722,GSE129478,HPC-7,31515253,4/9/19,Hematopoetic Progenitor,,47980057,11549434,0.062,27764,0.9463
GSM3713723,GSE129478,HPC-7,31515253,4/9/19,Hematopoetic Progenitor,,46650039,11870716,0.063,28280,0.9475
GSM3713724,GSE129478,HPC-7,31515253,4/9/19,Hematopoetic Progenitor,,62834701,22111679,0.094,42060,0.9255
GSM3713725,GSE129478,HPC-7,31515253,4/9/19,Hematopoetic Progenitor,,59482711,22322145,0.094,42106,0.9273
GSM3713734,GSE129478,erythroid,31515253,4/9/19,Erythroid,,69396614,11296333,0.127,37695,0.9214
GSM3713735,GSE129478,erythroid,31515253,4/9/19,Erythroid,,38433150,9375903,0.127,36013,0.921
GSM3713736,GSE129478,erythroid,31515253,4/9/19,Erythroid,,48952410,8396980,0.123,34152,0.9259
GSM3713745,GSE129478,myeloid,31515253,4/9/19,Myeloid,,47702397,2930369,0.066,12921,0.9497
GSM3713746,GSE129478,myeloid,31515253,4/9/19,Myeloid,,50055367,2902845,0.065,12697,0.9448
GSM3714930,GSE129529,pro_B_cell,31202577,4/24/19,"Bone Marrow, Spleen",,45140067,29896903,0.245,64951,0.7912
GSM3719307,GSE129673,mESC,31752933,10/1/19,Embryonic Stem Cell,,50381462,5291373,0.158,25168,0.9395
GSM3719308,GSE129673,mESC,31752933,10/1/19,Embryonic Stem Cell,,56389648,6019410,0.251,34009,0.9394
GSM3719309,GSE129673,mESC,31752933,10/1/19,Embryonic Stem Cell,,59121416,30132621,0.159,41675,0.9337
GSM3719310,GSE129673,mESC,31752933,10/1/19,Embryonic Stem Cell,,64762414,30857081,0.277,52518,0.9151
GSM3728538,GSE129956,MEF,,4/22/19,Embryonic Fibroblast,,18462570,4473196,0.128,10196,0.5792
GSM3729099,GSE129997,G1E-ER4,31776509,11/27/19,Erythroid,,27002647,13415868,0.15,28987,0.9513
GSM3729100,GSE129997,G1E-ER4,31776509,11/27/19,Erythroid,,37705353,21660618,0.179,45090,0.9141
GSM3729101,GSE129997,G1E-ER4_prometaphase,31776509,11/27/19,Erythroid,,26066828,12684548,0.051,15128,0.9707
GSM3729102,GSE129997,G1E-ER4_prometaphase,31776509,11/27/19,Erythroid,,37572225,17450370,0.031,13256,0.9687
GSM3729103,GSE129997,G1E-ER4_prometaphase,31776509,11/27/19,Erythroid,,31045288,9044134,0.025,7080,0.9666
GSM3729104,GSE129997,G1E-ER4_anophase-telophase,31776509,11/27/19,Erythroid,,49010520,21786371,0.159,43879,0.8982
GSM3729105,GSE129997,G1E-ER4_anophase-telophase,31776509,11/27/19,Erythroid,,36714987,20742897,0.139,40157,0.9092
GSM3729106,GSE129997,G1E-ER4_early-G1,31776509,11/27/19,Erythroid,,28025893,16116939,0.129,39410,0.9269
GSM3729107,GSE129997,G1E-ER4_early-G1,31776509,11/27/19,Erythroid,,19389106,11512975,0.146,36217,0.9385
GSM3729108,GSE129997,G1E-ER4_mid-G1,31776509,11/27/19,Erythroid,,41857206,23943460,0.146,45436,0.9173
GSM3729109,GSE129997,G1E-ER4_mid-G1,31776509,11/27/19,Erythroid,,32918443,17650719,0.167,44651,0.92
GSM3729110,GSE129997,G1E-ER4_late-G1,31776509,11/27/19,Erythroid,,36398433,22398535,0.137,43483,0.9229
GSM3729111,GSE129997,G1E-ER4_late-G1,31776509,11/27/19,Erythroid,,35670514,21044860,0.124,40527,0.9278
GSM3735983,GSE130315,pre_B_cell,,5/15/19,Bone Marrow,,35146608,24829720,0.358,79539,0.8774
GSM3756030,GSE131128,liver,32680543,7/7/20,Liver,,20972107,13856968,0.144,39445,0.845
GSM3756031,GSE131128,liver,32680543,7/7/20,Liver,,18117376,12447566,0.143,37016,0.8487
GSM3756032,GSE131128,liver,32680543,7/7/20,Liver,,18440339,12290074,0.168,40099,0.8109
GSM3756033,GSE131128,liver,32680543,7/7/20,Liver,,23342271,11925734,0.105,32767,0.8962
GSM3771259,GSE131356,E14_interphase,31599722,11/5/19,Embryonic Stem Cell,,31140143,19381025,0.288,67851,0.8788
GSM3771260,GSE131356,E14_interphase,31599722,11/5/19,Embryonic Stem Cell,,31967036,21125496,0.336,77201,0.8839
GSM3771261,GSE131356,E14_interphase,31599722,11/5/19,Embryonic Stem Cell,,47186754,23048360,0.331,79216,0.8717
GSM3771262,GSE131356,E14_metaphase,31599722,11/5/19,Embryonic Stem Cell,,42533170,26850123,0.141,35531,0.925
GSM3771263,GSE131356,E14_metaphase,31599722,11/5/19,Embryonic Stem Cell,,27224746,17718137,0.145,34445,0.9337
GSM3771264,GSE131356,E14_metaphase,31599722,11/5/19,Embryonic Stem Cell,,26789504,13883598,0.145,31640,0.9371
GSM3771265,GSE131356,C2C12_interphase,31599722,11/5/19,Myoblast,,72261381,44241561,0.172,66859,0.9054
GSM3771266,GSE131356,C2C12_metapahse,31599722,11/5/19,Myoblast,,61772774,38008504,0.027,18647,0.9658
GSM3771267,GSE131356,NIH-3T3_interphase,31599722,11/5/19,Embryonic Fibroblast,,59390036,35153802,0.213,67129,0.9092
GSM3771269,GSE131356,mESC_interphase,31599722,11/5/19,Embryonic Stem Cell,,50525183,32682242,0.2,61682,0.8935
GSM3771270,GSE131356,mESC_interphase,31599722,11/5/19,Embryonic Stem Cell,,47380458,30389334,0.224,60550,0.8908
GSM3771273,GSE131356,mESC_metaphase,31599722,11/5/19,Embryonic Stem Cell,,57891511,36887336,0.039,22859,0.9545
GSM3771274,GSE131356,mESC_metaphase,31599722,11/5/19,Embryonic Stem Cell,,39906576,24544889,0.094,31652,0.931
GSM3790133,GSE131583,HSPC,32249213,4/7/20,Hematopoietic Stem and Progenitor Cell,,59945620,13174756,0.218,32451,0.9265
GSM3790134,GSE131583,HSPC,32249213,4/7/20,Hematopoietic Stem and Progenitor Cell,,57217290,14000270,0.288,37505,0.913
GSM3840086,GSE132054,pachynema_diplonema,31291573;34016985,6/3/19,Pachynema/Diplonema,,35382131,22889717,0.101,26907,0.7816
GSM3873086,GSE132531,Th1,31377117,7/19/19,"Spleen, Lymph nodes",,23853236,16649420,0.201,46056,0.9137
GSM3873087,GSE132531,Th2,31377117,7/19/19,"Spleen, Lymph nodes",,15839136,11229168,0.174,35396,0.9215
GSM3873088,GSE132531,Th1,31377117,7/19/19,"Spleen, Lymph nodes",,24353736,16973495,0.252,51234,0.902
GSM3873089,GSE132531,Th2,31377117,7/19/19,"Spleen, Lymph nodes",,25369636,17721929,0.217,46495,0.9051
GSM3873090,GSE132531,Th1,31377117,7/19/19,"Spleen, Lymph nodes",,20897088,14455711,0.224,47666,0.9138
GSM3873091,GSE132531,Th2,31377117,7/19/19,"Spleen, Lymph nodes",,30994320,21013872,0.218,48149,0.9009
GSM3895911,GSE132898,naive_CD4+_T_cells,32759226,7/5/20,"Spleen, Lymph Nodes",,13132563,6253675,0.14,23573,0.8438
GSM3992899,GSE135180,E14,33318687,10/15/20,Embryonic Stem Cell,,15559767,6872204,0.129,36239,0.934
GSM3992900,GSE135180,E14,33318687,10/15/20,Embryonic Stem Cell,,18870143,6476265,0.195,45293,0.911
GSM4025407,GSE135647,EL16.7,32451376,5/21/20,Embryonic Stem Cell,,93242231,10784901,0.019,12329,0.942
GSM4025408,GSE135647,EL16.7,32451376,5/21/20,Embryonic Stem Cell,,92393339,18198418,0.008,7215,0.9465
GSM4025409,GSE135647,EL16.7,32451376,5/21/20,Embryonic Stem Cell,,101434702,17211541,0.013,11013,0.9447
GSM4051044,GSE136488,E14,22955616,8/30/19,Embryonic Stem Cell,,47904211,30950304,0.069,38540,0.9326
GSM4051045,GSE136488,E14,22955616,8/30/19,Embryonic Stem Cell,,51741399,34948059,0.065,38326,0.9344
GSM4073103,GSE137216,CH12,31937660,1/1/20,B Lymphocyte,B-cell Lymphoma,42052007,28424731,0.361,101635,0.8761
GSM4073104,GSE137216,CH12,31937660,1/1/20,B Lymphocyte,B-cell Lymphoma,24254317,17616759,0.107,44130,0.9215
GSM4073105,GSE137216,CH12,31937660,1/1/20,B Lymphocyte,B-cell Lymphoma,41618035,27962278,0.091,45157,0.9283
GSM4073111,GSE137216,CH12,31937660,1/1/20,B Lymphocyte,B-cell Lymphoma,38237688,27345244,0.287,87759,0.8507
GSM4074279,GSE137285,v6.5,32294452,4/14/20,Embryonic Stem Cell,,38659236,27871377,0.105,44437,0.9247
GSM4074280,GSE137285,v6.5,32294452,4/14/20,Embryonic Stem Cell,,38857589,26429724,0.107,42627,0.9286
GSM4074287,GSE137285,v6.5,32294452,4/14/20,Embryonic Stem Cell,,26130949,19110401,0.111,44711,0.9342
GSM4074288,GSE137285,v6.5,32294452,4/14/20,Embryonic Stem Cell,,31414375,20657268,0.201,50053,0.8864
GSM4075528,GSE137335,E11.5_forelimb_and_hindlimb,,10/25/20,Forelimb and Hindlimb,,51881918,36221021,0.11,47043,0.8974
GSM4075534,GSE137335,E11.5_forelimb_and_hindlimb,,10/25/20,Forelimb and Hindlimb,,57418282,14243036,0.258,51691,0.8887
GSM4075545,GSE137335,E11.5_forelimb_and_hindlimb,,10/25/20,Forelimb and Hindlimb,,51524499,38310184,0.06,34399,0.9258
GSM4075550,GSE137335,E11.5_forelimb_and_hindlimb,,10/25/20,Forelimb and Hindlimb,,58459114,38421304,0.206,68784,0.8446
GSM4096525,GSE135031,HSPC,31495782,9/24/19,Hematopoietic Stem and Progenitor Cell,,60898708,38796355,0.127,47472,0.9127
GSM4096526,GSE135031,HSPC,31495782,9/24/19,Hematopoietic Stem and Progenitor Cell,,50126289,30200552,0.23,57693,0.8879
GSM4096528,GSE135031,HSPC,31495782,9/24/19,Hematopoietic Stem and Progenitor Cell,,47159913,31369691,0.227,58286,0.8896
GSM4096529,GSE135031,HSPC,31495782,9/24/19,Hematopoietic Stem and Progenitor Cell,,40609717,26258963,0.237,56295,0.8957
GSM4099359,GSE138102,mESC,33113380,10/26/20,Embryonic Stem Cell,,70579224,41326329,0.051,40613,0.9276
GSM4099360,GSE138102,mESC,33113380,10/26/20,Embryonic Stem Cell,,53003251,30282142,0.048,34831,0.9384
GSM4099361,GSE138102,mESC,33113380,10/26/20,Embryonic Stem Cell,,44285556,24974710,0.047,34405,0.9345
GSM4099362,GSE138102,mESC,33113380,10/26/20,Embryonic Stem Cell,,50626040,31090343,0.035,31145,0.9365
GSM4099363,GSE138102,mESC,33113380,10/26/20,Embryonic Stem Cell,,48164022,28892898,0.033,29697,0.9406
GSM4099364,GSE138102,mESC,33113380,10/26/20,Embryonic Stem Cell,,49847929,29851941,0.035,28737,0.9447
GSM4099365,GSE138102,mESC,33113380,10/26/20,Embryonic Stem Cell,,54307234,32931469,0.036,31871,0.938
GSM4110085,GSE138514,E13.5_genital_tubercule,32301703,4/25/20,Genital Tubercule,,37392355,24772066,0.084,35054,0.9163
GSM4120019,GSE138822,cerebellum,32647123,4/13/20,Cerebellum,,52608726,35899697,0.138,34074,0.9186
GSM4120020,GSE138822,cerebellum,32647123,4/13/20,Cerebellum,,51293208,36827421,0.194,41870,0.8866
GSM4120021,GSE138822,cerebellum,32647123,4/13/20,Cerebellum,,50535922,36105554,0.243,46342,0.908
GSM4120022,GSE138822,cerebellum,32647123,4/13/20,Cerebellum,,57164438,40997507,0.258,49620,0.8977
GSM4142140,GSE139483,N1E-115,37597632,2/14/24,Neuoblast,,169112644,94621417,0.369,87712,0.8038
GSM4142142,GSE139483,N1E-115,37597632,2/14/24,Neuoblast,,177085368,103466750,0.312,84753,0.8223
GSM4145978,GSE139679,neuron,32293525,3/1/20,Cortex,,29541346,4734240,0.066,13210,0.8553
GSM4145979,GSE139679,neuron,32293525,3/1/20,Cortex,,43097440,11352313,0.063,18659,0.9206
GSM4159991,GSE140363,E14,32393311,4/14/20,Embryonic Stem Cell,,46655453,23377561,0.108,45540,0.7952
GSM4159992,GSE140363,E14,32393311,4/14/20,Embryonic Stem Cell,,63778141,34439562,0.24,64028,0.6769
GSM4176394,GSE140659,C2C12,32807906,8/17/21,Myoblast,,9801625,4433543,0.1,22882,0.6551
GSM4176395,GSE140659,C2C12,32807906,8/17/21,Myoblast,,13253883,5701666,0.106,27968,0.6314
GSM4198705,GSE141223,CD4+_CD8+_T_cell,32887843,7/15/20,Thymus,,46661817,31145378,0.037,24674,0.9504
GSM4198706,GSE141223,CD4+_CD8+_T_cell,32887843,7/15/20,Thymus,,39123385,23107462,0.02,15433,0.9602
GSM4214143,GSE141853,CD4+_CD8+_thymocyte,32049053,2/11/20,Thymus,,113170442,77332324,0.176,53240,0.8534
GSM4214144,GSE141853,CD4+_CD8+_thymocyte,32049053,2/11/20,Thymus,,157701912,110099620,0.158,55020,0.8416
GSM4214145,GSE141853,CD4+_CD8+_thymocyte,32049053,2/11/20,Thymus,,143672134,103584833,0.167,57214,0.8218
GSM4214146,GSE141853,CD4+_CD8+_thymocyte,32049053,2/11/20,Thymus,,109895174,72032075,0.192,52982,0.8578
GSM4217564,GSE142006,erythroid,33089097,9/28/20,Erythroid,,96960618,3957292,0.314,37109,0.9482
GSM4217565,GSE142006,erythroid,33089097,9/28/20,Erythroid,,116800638,1935552,0.315,29857,0.9553
GSM4231197,GSE142796,skeletal_muscle,33836079,10/1/20,Skeletal Muscle,,121368538,39167147,0.011,8278,0.9585
GSM4240117,GSE142781,RAG2_deficient_v-Abl_transformed_pro_B_cell,32717742,5/11/20,Not Stated,,63534636,46110644,0.095,30981,0.896
GSM4252069,GSE142781,RAG2_deficient_v-Abl_transformed_pro_B_cell,32717742,5/11/20,Not Stated,,64947418,48146247,0.102,30462,0.9269
GSM4252071,GSE142781,RAG2_deficient_v-Abl_transformed_pro_B_cell,32717742,5/11/20,Not Stated,,56194712,41481331,0.136,33528,0.9139
GSM4255729,GSE143271,LSK,32132109,1/8/20,Bone Marrow,,82541801,28705371,0.027,21593,0.9499
GSM4278819,GSE144056,differentiating_mESC,34856126,12/1/21,Embryonic Stem Cell,,103336200,75671823,0.224,77161,0.8616
GSM4278821,GSE144056,differentiating_mESC,34856126,12/1/21,Embryonic Stem Cell,,113218478,82577797,0.218,70294,0.8707
GSM4278823,GSE144056,differentiating_mESC,34856126,12/1/21,Embryonic Stem Cell,,102639442,75096028,0.246,80994,0.856
GSM4278825,GSE144056,differentiating_mESC,34856126,12/1/21,Embryonic Stem Cell,,97955578,72116320,0.224,67754,0.8771
GSM4294197,GSE144712,HSPC,33397967,10/22/20,Bone Marrow,,60906026,32927406,0.083,38939,0.518
GSM4294309,GSE139117,G1E-ER4,32138752,2/20/20,Erythroid,,15024319,5451636,0.13,28987,0.9517
GSM4294310,GSE139117,G1E-ER4,32138752,2/20/20,Erythroid,,18555357,5837139,0.242,38188,0.9436
GSM4350092,GSE140975,pro_B_cell,32612238,7/1/20,Not Stated,,38102712,27770287,0.121,42321,0.9319
GSM4350093,GSE140975,pro_B_cell,32612238,7/1/20,Not Stated,,48149057,28574369,0.122,43312,0.9317
GSM4350096,GSE140975,pro_B_cell,32612238,7/1/20,Not Stated,,40220638,27122771,0.145,50815,0.9126
GSM4350097,GSE140975,pro_B_cell,32612238,7/1/20,Not Stated,,48454499,31700127,0.146,52592,0.9083
GSM4364238,GSE146082,mESC,32392318,4/27/20,Embryonic Stem Cell,,33333751,22866425,0.026,20270,0.9596
GSM4364239,GSE146082,mESC,32392318,4/27/20,Embryonic Stem Cell,,48078244,31805934,0.085,40559,0.9407
GSM4364240,GSE146082,mESC,32392318,4/27/20,Embryonic Stem Cell,,32486498,21584899,0.107,42131,0.941
GSM4364241,GSE146082,mESC,32392318,4/27/20,Embryonic Stem Cell,,21980371,13038301,0.17,44309,0.9362
GSM4376786,GSE137771,FGSC,34981210,1/20/22,Female Germline Stem Cell,,51674858,28864625,0.28,53178,0.9223
GSM4376787,GSE137771,FGSC,34981210,1/20/22,Female Germline Stem Cell,,45261926,24837885,0.15,37333,0.9423
GSM4386053,GSE94452,F123,,5/1/18,Embryonic Stem Cell,,18269142,9864354,0.173,42284,0.932
GSM4386054,GSE94452,F123,,5/1/18,Embryonic Stem Cell,,16550862,9269598,0.112,34116,0.9453
GSM4386057,GSE94452,F123,,5/1/18,Embryonic Stem Cell,,19032926,8833232,0.065,23107,0.9545
GSM4386058,GSE94452,F123,,5/1/18,Embryonic Stem Cell,,44459728,23027581,0.047,26375,0.9524
GSM4403033,GSE144712,HSPC,33397967,10/22/20,Bone Marrow,,47829264,31071564,0.032,17248,0.878
GSM4483635,GSE148834,fibroblast,35795460,4/17/23,Tail,,49730718,23351862,0.095,27126,0.912
GSM4483636,GSE148834,fibroblast,35795460,4/17/23,Tail,,81581266,15579238,0.129,25682,0.9183
GSM4483637,GSE148834,fibroblast,35795460,4/17/23,Tail,,88531062,11600407,0.067,15613,0.9066
GSM4483639,GSE148834,fibroblast,35795460,4/17/23,Tail,,46718328,22709653,0.039,13450,0.8834
GSM4550101,GSE150418,erythroid_progenitor,33626344,2/23/21,Erythroid Progenitor,,38445578,22783724,0.163,30480,0.9423
GSM4550102,GSE150418,erythroid_progenitor,33626344,2/23/21,Erythroid Progenitor,,40348561,20408831,0.209,43211,0.906
GSM4550113,GSE150418,erythroid_progenitor,33626344,2/23/21,Erythroid Progenitor,,37621976,6726814,0.212,32560,0.905
GSM4550114,GSE150418,erythroid_progenitor,33626344,2/23/21,Erythroid Progenitor,,38393564,20748339,0.129,38734,0.9244
GSM4550115,GSE150418,erythroid_progenitor,33626344,2/23/21,Erythroid Progenitor,,36051278,17962184,0.175,39598,0.9235
GSM4550116,GSE150418,erythroid_progenitor,33626344,2/23/21,Erythroid Progenitor,,41573641,15108379,0.112,32581,0.9259
GSM4550120,GSE150418,erythroid_progenitor,33626344,2/23/21,Erythroid Progenitor,,30895741,20071650,0.028,15186,0.9657
GSM4550121,GSE150418,erythroid_progenitor,33626344,2/23/21,Erythroid Progenitor,,38358593,23468679,0.023,14450,0.9642
GSM4555189,GSE150638,iPax7_myogenic_progenitor,33277476,10/31/20,iPax7 Myogenic Progenitor,,9361802,6687632,0.481,62687,0.3507
GSM4555190,GSE150638,iPax7_myogenic_progenitor,33277476,10/31/20,iPax7 Myogenic Progenitor,,4354556,3058296,0.271,35148,0.4039
GSM4555191,GSE150638,differentiating_iPax7_myogenic_progenitor,33277476,10/31/20,iPax7 Myogenic Progenitor,,23571234,21221092,0.45,86673,0.5318
GSM4555192,GSE150638,differentiating_iPax7_myogenic_progenitor,33277476,10/31/20,iPax7 Myogenic Progenitor,,18760028,16030058,0.46,93127,0.4693
GSM4593353,GSE151910,v-Abl_transformed_B6_pro_B_cell,,11/7/20,Not Stated,,23091768,14425619,0.157,30426,0.7854
GSM4593354,GSE151910,v-Abl_transformed_B6_pro_B_cell,,11/7/20,Not Stated,,25158192,15297873,0.255,33517,0.9153
GSM4593355,GSE151910,v-Abl_transformed_B6_pro_B_cell,,11/7/20,Not Stated,,31408040,16591534,0.255,37306,0.839
GSM4593356,GSE151910,v-Abl_transformed_B6_pro_B_cell,,11/7/20,Not Stated,,26086728,17887904,0.262,40227,0.8921
GSM4593357,GSE151910,v-Abl_transformed_B6_pro_B_cell,,11/7/20,Not Stated,,24996538,14958806,0.255,37103,0.9199
GSM4593358,GSE151910,v-Abl_transformed_B6_pro_B_cell,,11/7/20,Not Stated,,24105152,12847965,0.211,32169,0.9184
GSM4601042,GSE152052,AB17,34689165,8/24/20,Liver,,39435842,26456137,0.112,25982,0.9163
GSM4626655,GSE110061,F123,,8/22/20,Embryonic Stem Cell,,19764264,7056353,0.155,38501,0.9377
GSM4626659,GSE110061,F123,,8/22/20,Embryonic Stem Cell,,22235091,10613738,0.183,51590,0.8551
GSM4643768,GSE153403,F123,34002095,7/6/20,Embryonic Stem Cell,,47691282,21469168,0.208,52330,0.8996
GSM4643769,GSE153403,F123,34002095,7/6/20,Embryonic Stem Cell,,37897868,18933504,0.182,47354,0.9078
GSM465676,GSE18699,v6.5,19946276,11/29/09,Embryonic Stem Cell,,2983402,1752700,0.161,23484,0.9379
GSM4661659,GSE154009,mESC,34326481,6/4/21,Embryonic Stem Cell,,22609348,9754603,0.076,32247,0.9343
GSM4661660,GSE154009,mESC,34326481,6/4/21,Embryonic Stem Cell,,19847180,7763881,0.048,19290,0.9487
GSM4663236,GSE154051,neutrophil,33334824,10/10/20,Neutrophil,,18061464,10061116,0.228,42210,0.9314
GSM4663237,GSE154051,neutrophil,33334824,10/10/20,Neutrophil,,10679422,7405106,0.297,42299,0.8979
GSM4663238,GSE154051,neutrophil,33334824,10/10/20,Neutrophil,,15310391,8006827,0.311,43308,0.9351
GSM4665697,GSE154189,E9_whole_forelimb_bud,33229569,11/10/20,Whole Forelimb Bud,,12894114,9273989,0.062,20907,0.9269
GSM4665698,GSE154189,E12.5_whole_forelimb_bud,33229569,11/10/20,Whole Forelimb Bud,,15242294,8347189,0.114,27388,0.9319
GSM4667565,GSE154249,germ_cell,34158481,4/22/21,Testis,,65155201,28170601,0.024,16170,0.9608
GSM4667566,GSE154249,germ_cell,34158481,4/22/21,Testis,,62433370,27847747,0.181,64647,0.5824
GSM4670222,GSE154387,Hepa-1c1c7,33319643,7/21/20,Liver,Hepatoma,120912809,63053970,0.277,93249,0.8655
GSM4670223,GSE154387,Hepa-1c1c7,33319643,7/21/20,Liver,Hepatoma,88492253,51881129,0.333,99866,0.8463
GSM4670224,GSE154387,Hepa-1c1c7,33319643,7/21/20,Liver,Hepatoma,34659798,22835023,0.37,72659,0.8713
GSM4670225,GSE154387,Hepa-1c1c7,33319643,7/21/20,Liver,Hepatoma,70020336,42803336,0.317,90562,0.8587
GSM4672146,GSE141223,CD4+_CD8+_T_cell,32887843,7/15/20,Thymus,,25504219,5948443,0.038,10885,0.9465
GSM4672147,GSE141223,CD4+_CD8+_T_cell,32887843,7/15/20,Thymus,,25477272,5942619,0.036,11094,0.9539
GSM4696318,GSE155161,liver,34099014,5/4/21,Liver,,142919590,76007909,0.063,30373,0.943
GSM4696319,GSE155161,liver,34099014,5/4/21,Liver,,88056040,21631629,0.025,8233,0.9584
GSM4696320,GSE155161,liver,34099014,5/4/21,Liver,,122987620,75260899,0.088,33629,0.9325
GSM4721994,GSE156074,erythroid_progenitor,36371401,11/18/20,Erythroid Progenitor,,42587210,21650006,0.258,66148,0.8947
GSM4721996,GSE156074,iMk,36371401,11/18/20,Bone Marrow,,35330050,19211095,0.037,19742,0.953
GSM4721997,GSE156074,CMP,36371401,11/18/20,Bone Marrow,,30986124,2669904,0.061,12882,0.9343
GSM4721998,GSE156074,GMP,36371401,11/18/20,Bone Marrow,,29603542,2069039,0.14,21247,0.9086
GSM4721999,GSE156074,erythroid_progenitor,36371401,11/18/20,Erythroid Progenitor,,32550070,18621967,0.017,13414,0.9584
GSM4722000,GSE156074,CFUMk,36371401,11/18/20,Bone Marrow,,27896499,14806657,0.119,35388,0.9181
GSM4722001,GSE156074,CFUE,36371401,11/18/20,Bone Marrow,,26850438,4729083,0.017,5320,0.896
GSM4742530,GSE156697,mESC,35197580,9/20/20,Embryonic Stem Cell,,61051142,39645201,0.251,93138,0.8987
GSM4742531,GSE156697,mESC,35197580,9/20/20,Embryonic Stem Cell,,72474223,47735055,0.252,98608,0.8877
GSM4742532,GSE156697,mESC,35197580,9/20/20,Embryonic Stem Cell,,72257236,47505973,0.241,95565,0.8908
GSM4742533,GSE156697,mESC,35197580,9/20/20,Embryonic Stem Cell,,77743965,50710670,0.24,96111,0.8894
GSM4773790,GSE157720,EPSC,35425987,4/18/22,Extended Pluripotent Stem Cell,,96759626,48343293,0.301,66078,0.86
GSM4773791,GSE157720,EPSC,35425987,4/18/22,Extended Pluripotent Stem Cell,,83338322,41279378,0.264,64609,0.862
GSM4776635,GSE144336,erythroid,34108683,4/16/21,Spleen,,106888992,70879371,0.184,39052,0.9204
GSM4776636,GSE144336,erythroid,34108683,4/16/21,Spleen,,115635618,80863951,0.128,35657,0.9295
GSM4776653,GSE144336,E14,34108683,4/16/21,Embryonic Stem Cell,,115183746,82581394,0.193,64835,0.9007
GSM4776654,GSE144336,E14,34108683,4/16/21,Embryonic Stem Cell,,84393304,57496879,0.187,60329,0.915
GSM4801127,GSE151910,RAG1 deficient_B6_BM_pro_B_cell,,11/7/20,Not Stated,,16512018,9980630,0.167,31283,0.9459
GSM4801128,GSE151910,RAG1 deficient_B6_BM_pro_B_cell,,11/7/20,Not Stated,,23955050,15221017,0.197,37555,0.9346
GSM4801129,GSE151910,RAG1 deficient_B6_BM_pro_B_cell,,11/7/20,Not Stated,,27575420,15215400,0.129,31633,0.9324
GSM4819665,GSE159110,liver,33612119,3/2/21,Liver,,78129356,46098010,0.332,52708,0.8633
GSM4819667,GSE159110,liver,33612119,3/2/21,Liver,,107201368,58223603,0.303,53980,0.8746
GSM4819669,GSE159110,liver,33612119,3/2/21,Liver,,64483076,34984257,0.274,46584,0.8715
GSM4819671,GSE159110,liver,33612119,3/2/21,Liver,,102915850,54903709,0.245,48788,0.8835
GSM4819673,GSE159110,liver,33612119,3/2/21,Liver,,88915250,49003852,0.213,45985,0.8779
GSM4819675,GSE159110,liver,33612119,3/2/21,Liver,,92243014,53343053,0.288,53841,0.8503
GSM4819677,GSE159110,liver,33612119,3/2/21,Liver,,99647756,61206097,0.402,65952,0.8501
GSM4819679,GSE159110,liver,33612119,3/2/21,Liver,,109460936,59406870,0.23,50726,0.8935
GSM4831211,GSE159503,erythroid_progenitor,33788948,10/14/20,Erythroid Progenitor,,26415388,17759755,0.018,11965,0.9662
GSM4831212,GSE159503,erythroid_progenitor,33788948,10/14/20,Erythroid Progenitor,,24948162,16791133,0.023,13915,0.9647
GSM4831213,GSE159503,erythroid_progenitor,33788948,10/14/20,Erythroid Progenitor,,43034376,26604792,0.017,13938,0.9648
GSM4831214,GSE159503,erythroid_progenitor,33788948,10/14/20,Erythroid Progenitor,,31801227,20387881,0.029,17073,0.9635
GSM4831215,GSE159503,erythroid_progenitor,33788948,10/14/20,Erythroid Progenitor,,27627965,16703637,0.019,12633,0.9654
GSM4831216,GSE159503,erythroid_progenitor,33788948,10/14/20,Erythroid Progenitor,,30486814,20325819,0.017,12787,0.9659
GSM4831217,GSE159503,erythroid_progenitor,33788948,10/14/20,Erythroid Progenitor,,25243900,17213076,0.012,9423,0.9662
GSM4831218,GSE159503,erythroid_progenitor,33788948,10/14/20,Erythroid Progenitor,,27158713,17347319,0.016,11481,0.9681
GSM4831219,GSE159503,erythroid_progenitor,33788948,10/14/20,Erythroid Progenitor,,26218613,16370623,0.015,10849,0.9678
GSM4831231,GSE159503,erythroid_progenitor,33788948,10/14/20,Erythroid Progenitor,,51492412,30356834,0.021,16219,0.9602
GSM4831232,GSE159503,erythroid_progenitor,33788948,10/14/20,Erythroid Progenitor,,52383778,29042101,0.006,6690,0.9636
GSM4831233,GSE159503,erythroid_progenitor,33788948,10/14/20,Erythroid Progenitor,,58328114,39387590,0.029,19743,0.9509
GSM4831245,GSE159503,erythroid_progenitor,33788948,10/14/20,Erythroid Progenitor,,36908558,12540737,0.015,9626,0.958
GSM4831247,GSE159503,erythroid_progenitor,33788948,10/14/20,Erythroid Progenitor,,33577264,11281084,0.016,9681,0.9582
GSM4831248,GSE159503,LSK,33788948,10/14/20,Bone Marrow,,82541801,28706557,0.027,21594,0.9498
GSM4831249,GSE159503,LSK,33788948,10/14/20,Bone Marrow,,38010289,6886873,0.083,24275,0.9285
GSM4831250,GSE159503,CMP,33788948,10/14/20,Bone Marrow,,30986124,2670012,0.061,12881,0.9342
GSM4831251,GSE159503,MEP,33788948,10/14/20,Bone Marrow,,32550070,18622058,0.017,13419,0.9584
GSM4831252,GSE159503,CFUE,33788948,10/14/20,Bone Marrow,,26850438,4729059,0.017,5321,0.896
GSM4831255,GSE159503,GMP,33788948,10/14/20,Bone Marrow,,29603542,2069050,0.14,21247,0.9085
GSM4831256,GSE159503,CFUMk,33788948,10/14/20,Bone Marrow,,27896499,14806598,0.119,35386,0.9181
GSM4831257,GSE159503,iMk,33788948,10/14/20,Bone Marrow,,35330050,19211223,0.037,19740,0.953
GSM4831258,GSE159503,iMk,33788948,10/14/20,Bone Marrow,,31186882,9469906,0.053,19296,0.9294
GSM4876530,GSE160657,anterior_neural_progenitor,34272393,12/31/20,Anterior Neural Progenitor,,29405068,14996647,0.287,60274,0.839
GSM4928545,GSE150254,postnatal_cortex,33849071,4/14/21,Cortex,,20035514,7330990,0.093,15735,0.9375
GSM4928546,GSE150254,postnatal_cortex,33849071,4/14/21,Cortex,,16201362,5778408,0.088,13659,0.9409
GSM4928547,GSE150254,postnatal_cortex,33849071,4/14/21,Cortex,,18744500,6948564,0.158,20315,0.9164
GSM4928548,GSE150254,postnatal_cortex,33849071,4/14/21,Cortex,,22455590,7725182,0.221,25320,0.8967
GSM4932898,GSE153403,F123,34002095,7/6/20,Embryonic Stem Cell,,48782206,19158892,0.258,51966,0.8956
GSM4978047,GSE123670,MEF,35385732,4/5/22,Embryonic Fibroblast,,27647090,3031360,0.056,5370,0.8845
GSM4978051,GSE123670,MEF_reprogramming_day_3,35385732,4/5/22,Embryonic Fibroblast,,26233838,7039785,0.16,20296,0.8534
GSM4978053,GSE123670,MEF_reprogramming_day_6,35385732,4/5/22,Embryonic Fibroblast,,26098370,7677876,0.048,9592,0.854
GSM4978055,GSE123670,MEF_reprogramming_day_6,35385732,4/5/22,Embryonic Fibroblast,,27838672,9756358,0.126,21666,0.8659
GSM4978057,GSE123670,MEF_reprogramming_day_9,35385732,4/5/22,Embryonic Fibroblast,,23900396,6471747,0.075,10984,0.8506
GSM4978059,GSE123670,MEF_reprogramming_day_9,35385732,4/5/22,Embryonic Fibroblast,,23293744,8664875,0.075,12947,0.8225
GSM4978061,GSE123670,MEF_reprogramming_day_9,35385732,4/5/22,Embryonic Fibroblast,,25652748,5901964,0.113,14575,0.8617
GSM4978085,GSE123670,MEF_reprogramming_day_10,35385732,4/5/22,Embryonic Fibroblast,,51236276,26114688,0.012,6279,0.9598
GSM4984771,GSE163729,JM8.N4,35410381,2/9/22,Embryonic Stem Cell,,30923070,8716656,0.129,21794,0.8449
GSM4984782,GSE163729,JM8.N4,35410381,2/9/22,Embryonic Stem Cell,,15167608,11625700,0.123,27501,0.859
GSM4984789,GSE163729,JM8.N4,35410381,2/9/22,Embryonic Stem Cell,,10295204,7040139,0.076,15184,0.8487
GSM4984796,GSE163729,JM8.N4,35410381,2/9/22,Embryonic Stem Cell,,14222600,10888529,0.072,18093,0.8401
GSM4984803,GSE163729,JM8.N4,35410381,2/9/22,Embryonic Stem Cell,,13036232,10053627,0.12,24758,0.8865
GSM4984810,GSE163729,JM8.N4,35410381,2/9/22,Embryonic Stem Cell,,31188974,18241316,0.039,15558,0.8855
GSM5008188,GSE164360,anterior_cerebellum,34588434,4/7/21,Anterior Cerebellum,,30239450,27600896,0.071,30908,0.8578
GSM5008189,GSE164360,anterior_cerebellum,34588434,4/7/21,Anterior Cerebellum,,23882825,21743356,0.064,29562,0.8955
GSM5008190,GSE164360,anterior_cerebellum,34588434,4/7/21,Anterior Cerebellum,,26785055,24641765,0.116,36683,0.8756
GSM5008191,GSE164360,anterior_cerebellum,34588434,4/7/21,Anterior Cerebellum,,23887827,21711522,0.051,24248,0.8396
GSM5008192,GSE164360,anterior_cerebellum,34588434,4/7/21,Anterior Cerebellum,,22184978,20192120,0.064,28471,0.9
GSM5008193,GSE164360,anterior_cerebellum,34588434,4/7/21,Anterior Cerebellum,,30176045,27615556,0.102,40433,0.8446
GSM5057622,GSE154249,spermatocyte,34158481,4/22/21,Testis,,18952743,12906114,0.169,31847,0.9431
GSM5067736,GSE156692,mESC,33990600,11/25/20,Embryonic Stem Cell,,61189664,16726629,0.37,54759,0.8995
GSM5081971,GSE165049,LK,,2/18/22,Bone Marrow,,44207900,31571308,0.756,35661,0.3061
GSM5081972,GSE165049,LK,,2/18/22,Bone Marrow,,88433462,59237309,0.808,55561,0.2872
GSM5093519,GSE144056,differentiating_mESC,34856126,12/1/21,Embryonic Stem Cell,,144491886,80422545,0.204,67334,0.8742
GSM5093521,GSE144056,differentiating_mESC,34856126,12/1/21,Embryonic Stem Cell,,139321960,78661114,0.316,75911,0.8124
GSM5176627,GSE169121,LSK,35020836,1/21/22,Bone Marrow,,78592726,28227927,0.044,23810,0.9476
GSM5176628,GSE169121,LSK,35020836,1/21/22,Bone Marrow,,71601638,31263762,0.068,30209,0.935
GSM5176629,GSE169121,LSK,35020836,1/21/22,Bone Marrow,,70525704,13656354,0.066,21972,0.9464
GSM5176630,GSE169121,LSK,35020836,1/21/22,Bone Marrow,,67918412,22035512,0.061,25479,0.9431
GSM5176632,GSE169121,LSK,35020836,1/21/22,Bone Marrow,,77686398,33873184,0.089,32918,0.9259
GSM5176633,GSE169121,LSK,35020836,1/21/22,Bone Marrow,,79539638,26110184,0.07,28321,0.9372
GSM5176634,GSE169121,LSK,35020836,1/21/22,Bone Marrow,,61802298,20963982,0.047,22401,0.9487
GSM5176635,GSE169121,LSK,35020836,1/21/22,Bone Marrow,,76210498,29506087,0.072,31098,0.9333
GSM5225260,GSE159503,erythroid_progenitor,33788948,10/14/20,Erythroid Progenitor,,17450131,12239096,0.057,19950,0.9575
GSM5231125,GSE154249,spermatocyte,34158481,4/22/21,Testis,,23303086,13711636,0.21,38166,0.9305
GSM5231126,GSE154249,spermatocyte,34158481,4/22/21,Testis,,22579037,14098770,0.239,41009,0.9221
GSM5233334,GSE171749,TT2,35081363,1/25/22,Embryonic Stem Cell,,57781995,29915148,0.33,100578,0.7738
GSM5233335,GSE171749,TT2,35081363,1/25/22,Embryonic Stem Cell,,49375009,26717737,0.376,109107,0.7124
GSM5233336,GSE171749,TT2,35081363,1/25/22,Embryonic Stem Cell,,57795518,35977962,0.337,103424,0.8064
GSM5233337,GSE171749,TT2,35081363,1/25/22,Embryonic Stem Cell,,57251389,34724224,0.346,119919,0.6926
GSM5253974,GSE172392,E14,34764232,5/10/22,Embryonic Stem Cell,,26723999,16935569,0.039,26580,0.9558
GSM5253975,GSE172392,E14,34764232,5/10/22,Embryonic Stem Cell,,32393284,19506444,0.043,29207,0.9521
GSM5253976,GSE172392,E14,34764232,5/10/22,Embryonic Stem Cell,,21190337,9578402,0.035,20852,0.9561
GSM5253977,GSE172392,E14,34764232,5/10/22,Embryonic Stem Cell,,19393777,8345415,0.015,9055,0.9596
GSM5253978,GSE172392,E14,34764232,5/10/22,Embryonic Stem Cell,,28500119,11299630,0.157,50200,0.9242
GSM5253979,GSE172392,E14,34764232,5/10/22,Embryonic Stem Cell,,20512613,13521731,0.136,48780,0.9308
GSM5253980,GSE172392,E14,34764232,5/10/22,Embryonic Stem Cell,,21844450,11766369,0.186,58483,0.9208
GSM5253981,GSE172392,E14,34764232,5/10/22,Embryonic Stem Cell,,19875392,11114523,0.151,51927,0.9306
GSM5254032,GSE172392,E14,34764232,5/10/22,Embryonic Stem Cell,,20022899,13862953,0.017,13751,0.9547
GSM5254034,GSE172392,E14,34764232,5/10/22,Embryonic Stem Cell,,19287255,13402156,0.015,11950,0.9569
GSM5254035,GSE172392,E14,34764232,5/10/22,Embryonic Stem Cell,,21786043,15342376,0.03,22461,0.9539
GSM5254037,GSE172392,E14,34764232,5/10/22,Embryonic Stem Cell,,22065088,15293310,0.044,30172,0.9529
GSM5254058,GSE172392,E14,34764232,5/10/22,Embryonic Stem Cell,,35491017,21714258,0.017,14211,0.9363
GSM5254059,GSE172392,E14,34764232,5/10/22,Embryonic Stem Cell,,41576527,25334406,0.006,6174,0.9428
GSM5254060,GSE172392,E14,34764232,5/10/22,Embryonic Stem Cell,,58268243,32665158,0.021,21013,0.9417
GSM5254061,GSE172392,E14,34764232,5/10/22,Embryonic Stem Cell,,35957561,21855611,0.05,33205,0.9451
GSM5254062,GSE172392,E14,34764232,5/10/22,Embryonic Stem Cell,,51850972,29784254,0.031,26930,0.9438
GSM5254063,GSE172392,E14,34764232,5/10/22,Embryonic Stem Cell,,37230892,22419435,0.015,14576,0.9436
GSM5254064,GSE172392,E14,34764232,5/10/22,Embryonic Stem Cell,,58303443,31902824,0.032,28659,0.9415
GSM5254087,GSE172392,E14,34764232,5/10/22,Embryonic Stem Cell,,24180718,17029183,0.034,26342,0.9558
GSM5254088,GSE172392,E14,34764232,5/10/22,Embryonic Stem Cell,,26232884,18275306,0.017,16235,0.9597
GSM5254089,GSE172392,E14,34764232,5/10/22,Embryonic Stem Cell,,23246000,16371088,0.012,11846,0.9647
GSM5254090,GSE172392,E14,34764232,5/10/22,Embryonic Stem Cell,,21605610,15121809,0.019,16430,0.9605
GSM5254091,GSE172392,E14,34764232,5/10/22,Embryonic Stem Cell,,21746748,15196711,0.037,27824,0.952
GSM5254092,GSE172392,E14,34764232,5/10/22,Embryonic Stem Cell,,22216061,15462993,0.024,19885,0.9588
GSM5254093,GSE172392,E14,34764232,5/10/22,Embryonic Stem Cell,,20468265,14464209,0.039,28095,0.9546
GSM5254094,GSE172392,E14,34764232,5/10/22,Embryonic Stem Cell,,21707347,15187663,0.015,13250,0.9635
GSM5254095,GSE172392,E14,34764232,5/10/22,Embryonic Stem Cell,,20814208,14533370,0.046,31348,0.9509
GSM5254096,GSE172392,E14,34764232,5/10/22,Embryonic Stem Cell,,22010670,15409387,0.013,12376,0.9601
GSM5320219,GSE108434,erythrocyte,34290235,5/6/21,Erythroid,,64702376,28616471,0.047,22305,0.9458
GSM5320220,GSE108434,erythrocyte,34290235,5/6/21,Erythroid,,55628132,36766827,0.023,14801,0.9526
GSM5320221,GSE108434,erythrocyte,34290235,5/6/21,Erythroid,,56231598,33859795,0.05,22170,0.9439
GSM535747,GSE21365,3T3-L1_preadipocytes,20887899,9/30/10,Embryonic Fibroblast,,18224191,4826039,0.313,38430,0.9078
GSM535754,GSE21365,3T3-L1_preadipocytes,20887899,9/30/10,Embryonic Fibroblast,,21073396,9121323,0.237,36115,0.9041
GSM535761,GSE21365,3T3-L1_adipocytes,20887899,9/30/10,Embryonic Fibroblast,,20941951,4791215,0.358,37564,0.9177
GSM535768,GSE21365,3T3-L1_adipocytes,20887899,9/30/10,Embryonic Fibroblast,,24535184,6683754,0.361,42595,0.8902
GSM5388165,GSE178348,NIH 3T3,,2/24/22,Embryonic Fibroblast,,51297052,35360750,0.108,35031,0.9143
GSM5388166,GSE178348,NIH 3T3,,2/24/22,Embryonic Fibroblast,,46702044,32206744,0.115,35415,0.9132
GSM5388167,GSE178348,NIH 3T3,,2/24/22,Embryonic Fibroblast,,58581048,32924563,0.333,65429,0.8732
GSM5388168,GSE178348,NIH 3T3,,2/24/22,Embryonic Fibroblast,,46432012,31376781,0.305,61747,0.8823
GSM5388172,GSE178348,Scid.adh,,2/24/22,Thymus,Thymic Lymphoma,28663664,20159122,0.197,37558,0.9202
GSM5388173,GSE178348,Scid.adh,,2/24/22,Thymus,Thymic Lymphoma,34389838,24272351,0.271,47321,0.8986
GSM5388174,GSE178348,Scid.adh,,2/24/22,Thymus,Thymic Lymphoma,48489484,34339744,0.263,56142,0.8921
GSM5388175,GSE178348,Scid.adh,,2/24/22,Thymus,Thymic Lymphoma,25576684,18346638,0.263,46089,0.9129
GSM5410964,GSE151503,liver,34358714,7/27/21,Liver,,22752422,15437338,0.114,22432,0.9197
GSM5410965,GSE151503,liver,34358714,7/27/21,Liver,,20114776,13610773,0.09,20228,0.9343
GSM546526,GSE21978,RAG1KO_pro_b_cell,20543837,6/13/10,Bone Marrow,,7457881,4082815,0.238,35904,0.9386
GSM5478656,GSE180937,mTEC,,7/30/21,Medullary Thymic Epithelial Cell,,20251841,2459887,0.11,18218,0.947
GSM5478657,GSE180937,mTEC,,7/30/21,Medullary Thymic Epithelial Cell,,14244878,4764364,0.125,24608,0.9483
GSM5478658,GSE180937,mTEC,,7/30/21,Medullary Thymic Epithelial Cell,,63597398,2353749,0.142,21367,0.931
GSM5478659,GSE180937,mTEC,,7/30/21,Medullary Thymic Epithelial Cell,,47571722,2587060,0.143,22114,0.9147
GSM5481605,GSE139483,N1E-115,37597632,2/14/24,Neuoblast,,51159460,40435962,0.18,37795,0.8561
GSM5481607,GSE139483,N1E-115,37597632,2/14/24,Neuoblast,,64556562,48873525,0.234,47542,0.869
GSM5493245,GSE181234,MEL,34716321,9/19/21,Erythroleukemia Cell,Leukemia,41919955,28154645,0.072,35612,0.9517
GSM5493246,GSE181234,MEL,34716321,9/19/21,Erythroleukemia Cell,Leukemia,49842545,33084279,0.069,36084,0.9484
GSM5493247,GSE181234,MEL,34716321,9/19/21,Erythroleukemia Cell,Leukemia,34233703,23280124,0.038,21749,0.9578
GSM5493248,GSE181234,MEL,34716321,9/19/21,Erythroleukemia Cell,Leukemia,32618486,21000338,0.084,34660,0.9526
GSM5493249,GSE181234,MEL,34716321,9/19/21,Erythroleukemia Cell,Leukemia,26010972,16990626,0.065,27165,0.9589
GSM5493250,GSE181234,MEL,34716321,9/19/21,Erythroleukemia Cell,Leukemia,29328292,20175071,0.041,21464,0.9537
GSM5493257,GSE181234,mESC,34716321,9/19/21,Embryonic Stem Cell,,52962758,29799218,0.132,51732,0.9072
GSM5493258,GSE181234,mESC,34716321,9/19/21,Embryonic Stem Cell,,19796597,13031756,0.074,32418,0.9506
GSM5493259,GSE181234,mESC,34716321,9/19/21,Embryonic Stem Cell,,42928611,26051670,0.118,49447,0.8999
GSM5493260,GSE181234,mESC,34716321,9/19/21,Embryonic Stem Cell,,18469472,11912606,0.208,56433,0.9166
GSM5493261,GSE181234,mESC,34716321,9/19/21,Embryonic Stem Cell,,18995626,12151231,0.03,17444,0.9664
GSM5501395,GSE181387,E10_posterior_trunk,34711654,10/5/21,Posterior Trunk,,213359147,124015673,0.149,95333,0.7492
GSM5501396,GSE181387,E12_brain,34711654,10/5/21,Brain,,213743939,112956252,0.096,64102,0.8562
GSM5501397,GSE181387,E12_distal_forelimb,34711654,10/5/21,Distal Forelimb,,181140348,55709480,0.116,55957,0.8715
GSM5501398,GSE181387,E12_proximal_forelimb,34711654,10/5/21,Proximal Forelimb,,189433084,60441347,0.108,55675,0.8773
GSM5509516,GSE181705,mESC,36117192,10/24/22,Embryonic Stem Cell,,74052382,23845356,0.447,72626,0.8896
GSM5509517,GSE181705,mESC,36117192,10/24/22,Embryonic Stem Cell,,67239792,32932157,0.207,51396,0.9091
GSM5509520,GSE181705,embryoid_body,36117192,10/24/22,Embryoid Body,,74467124,26472508,0.287,60167,0.899
GSM5509521,GSE181705,embryoid_body,36117192,10/24/22,Embryoid Body,,69923150,25008708,0.286,58831,0.9013
GSM5512829,GSE181847,E14,36050765,8/11/22,Embryonic Stem Cell,,14439617,5958034,0.092,22137,0.9557
GSM5571884,GSE183828,mESC,35703121,6/15/22,Embryonic Stem Cell,,52598048,30473221,0.385,86897,0.8638
GSM5571885,GSE183828,mESC,35703121,6/15/22,Embryonic Stem Cell,,51037775,29781648,0.388,83225,0.8707
GSM5571916,GSE183828,EpiLC,35703121,6/15/22,Epiblast-like Cell,,50978871,30883572,0.372,88694,0.8652
GSM5571917,GSE183828,EpiLC,35703121,6/15/22,Epiblast-like Cell,,49272774,31140845,0.434,101917,0.8531
GSM5571947,GSE183828,PGCLC_day_2_induction,35703121,6/15/22,Primordial Germ Cell Like Cell,,46577374,28858739,0.464,107530,0.825
GSM5571948,GSE183828,PGCLC_day_2_induction,35703121,6/15/22,Primordial Germ Cell Like Cell,,47085571,29556341,0.478,111926,0.812
GSM5571980,GSE183828,PGCLC_day_4_induction,35703121,6/15/22,Primordial Germ Cell Like Cell,,44986588,27314371,0.401,92922,0.8531
GSM5571981,GSE183828,PGCLC_day_4_induction,35703121,6/15/22,Primordial Germ Cell Like Cell,,44859148,27341007,0.473,103418,0.8429
GSM5572013,GSE183828,GSC,35703121,6/15/22,Germline Stem Cell,,41586103,20120743,0.406,42547,0.9408
GSM5572014,GSE183828,GSC,35703121,6/15/22,Germline Stem Cell,,43574632,20454997,0.419,42564,0.9414
GSM5572046,GSE183828,GSCLC,35703121,6/15/22,Germline Stem Cell-like Cell,,47417646,22723026,0.432,53905,0.9133
GSM5572047,GSE183828,GSCLC,35703121,6/15/22,Germline Stem Cell-like Cell,,27370976,15500660,0.5,54673,0.9114
GSM5575014,GSE183958,neural_precursor,,9/16/21,Neural Precursor,,10716669,4319530,0.136,30032,0.9247
GSM5575015,GSE183958,neural_precursor,,9/16/21,Neural Precursor,,11233043,3886737,0.173,32737,0.914
GSM5582968,GSE184272,mESC,37264934,6/2/23,Embryonic Stem Cell,,31237526,7550064,0.37,34144,0.7711
GSM5582969,GSE184272,mESC,37264934,6/2/23,Embryonic Stem Cell,,56083788,20491414,0.387,56920,0.7919
GSM5588962,GSE184435,erythroid,34995303;39863595,9/22/21,Erythroid,,73052144,50008451,0.094,33605,0.9245
GSM5588963,GSE184435,erythroid,34995303;39863595,9/22/21,Erythroid,,64024826,42750768,0.119,34242,0.9176
GSM5589517,GSE184471,TT2,38167730,11/1/23,Embryonic Stem Cell,,37509211,26309042,0.081,40556,0.9006
GSM5589518,GSE184471,TT2,38167730,11/1/23,Embryonic Stem Cell,,37007882,26443474,0.127,53242,0.8794
GSM5590167,GSE184490,416B,35140205,12/16/21,Bone Marrow,,123462530,58095975,0.044,30405,0.9551
GSM5590168,GSE184490,416B,35140205,12/16/21,Bone Marrow,,60343194,8497165,0.096,23350,0.96
GSM560351,GSE22562,MEF,20720539,8/12/10,Embryonic Fibroblast,,33485090,18170593,0.01,7944,0.9719
GSM560352,GSE22562,MEF,20720539,8/12/10,Embryonic Fibroblast,,16850012,3776747,0.127,24294,0.9538
GSM5625203,GSE185884,dendritic_cells,36882470,1/4/23,Bone Marrow,,103611916,70735730,0.163,55801,0.8136
GSM5625204,GSE185884,dendritic_cells,36882470,1/4/23,Bone Marrow,,92866754,64496622,0.143,52774,0.7937
GSM5693591,GSE149309,sperm,36469784,11/8/22,Sperm,,59271316,19382876,0.014,6677,0.9685
GSM5693592,GSE149309,sperm,36469784,11/8/22,Sperm,,32103588,16533344,0.017,6991,0.9722
GSM5693593,GSE149309,sperm,36469784,11/8/22,Sperm,,94611548,23978889,0.086,17356,0.9604
GSM5693594,GSE149309,sperm,36469784,11/8/22,Sperm,,104959934,24200503,0.174,20120,0.9518
GSM5703956,GSE189563,mESC,37225980,3/18/23,Embryonic Stem Cell,,204152946,119902331,0.131,63721,0.8622
GSM5703958,GSE189563,mESC,37225980,3/18/23,Embryonic Stem Cell,,228918318,126428883,0.024,17878,0.9362
GSM5703959,GSE189563,mESC,37225980,3/18/23,Embryonic Stem Cell,,231628788,131896000,0.113,60848,0.8703
GSM5703960,GSE189563,mESC,37225980,3/18/23,Embryonic Stem Cell,,230890760,131710435,0.014,13893,0.9468
GSM5710721,GSE189975,macrophage,35361678,3/31/22,Bone Marrow,,39764257,24540167,0.101,33729,0.9402
GSM5710722,GSE189975,macrophage,35361678,3/31/22,Bone Marrow,,38733244,24006331,0.103,33889,0.9359
GSM5710723,GSE189975,macrophage,35361678,3/31/22,Bone Marrow,,43039742,26588077,0.112,38179,0.9431
GSM5710724,GSE189975,macrophage,35361678,3/31/22,Bone Marrow,,41798244,25864262,0.125,40178,0.9381
GSM5710725,GSE189975,macrophage,35361678,3/31/22,Bone Marrow,,41651226,25190786,0.094,33052,0.9436
GSM5710726,GSE189975,macrophage,35361678,3/31/22,Bone Marrow,,38300989,23428733,0.1,32662,0.9417
GSM5710727,GSE189975,macrophage,35361678,3/31/22,Bone Marrow,,39000590,23858698,0.104,33431,0.9403
GSM5710728,GSE189975,macrophage,35361678,3/31/22,Bone Marrow,,39238294,23919477,0.105,33587,0.9401
GSM5733489,GSE190906,embryoid_body,35771912,12/16/21,Embryoid Body,,25868735,13615509,0.157,51203,0.9166
GSM5733490,GSE190906,embryoid_body,35771912,12/16/21,Embryoid Body,,25738898,16895578,0.222,68181,0.8998
GSM5733491,GSE190906,embryoid_body,35771912,12/16/21,Embryoid Body,,31444041,16643718,0.186,54196,0.8921
GSM5733492,GSE190906,embryoid_body,35771912,12/16/21,Embryoid Body,,28223578,8026805,0.179,40115,0.9056
GSM5733509,GSE190906,embryoid_body,35771912,12/16/21,Embryoid Body,,22397996,11821247,0.17,53225,0.9165
GSM5733510,GSE190906,embryoid_body,35771912,12/16/21,Embryoid Body,,24280284,15643076,0.202,63462,0.9065
GSM5733511,GSE190906,embryoid_body,35771912,12/16/21,Embryoid Body,,30181213,15730529,0.131,43580,0.9146
GSM5733512,GSE190906,embryoid_body,35771912,12/16/21,Embryoid Body,,22097064,11645425,0.106,35100,0.927
GSM5733529,GSE190906,embryoid_body,35771912,12/16/21,Embryoid Body,,58063882,28157563,0.026,21468,0.943
GSM5733530,GSE190906,embryoid_body,35771912,12/16/21,Embryoid Body,,53242514,21074828,0.276,78533,0.8668
GSM5733531,GSE190906,embryoid_body,35771912,12/16/21,Embryoid Body,,63167654,24937598,0.245,72893,0.8345
GSM5733532,GSE190906,embryoid_body,35771912,12/16/21,Embryoid Body,,64704042,26680658,0.218,68867,0.8388
GSM5733549,GSE190906,embryoid_body,35771912,12/16/21,Embryoid Body,,69776172,18670408,0.24,65343,0.8467
GSM5733550,GSE190906,embryoid_body,35771912,12/16/21,Embryoid Body,,64730469,17137576,0.217,60089,0.8667
GSM5736107,GSE160559,mESC,35665862,6/13/22,Embryonic Stem Cell,,58651298,27144791,0.248,49367,0.6403
GSM5736108,GSE160559,mESC,35665862,6/13/22,Embryonic Stem Cell,,77027754,27115474,0.264,49223,0.6882
GSM5736110,GSE160559,mESC,35665862,6/13/22,Embryonic Stem Cell,,78018482,35770120,0.351,63837,0.6636
GSM5736111,GSE160559,mESC,35665862,6/13/22,Embryonic Stem Cell,,53955864,25577205,0.267,49686,0.7262
GSM5737216,GSE190989,E14,35145304,2/6/22,Embryonic Stem Cell,,48924693,15605277,0.177,57710,0.9152
GSM5737218,GSE190989,mESC,35145304,2/6/22,Embryonic Stem Cell,,22515704,9629571,0.21,56746,0.9178
GSM5737219,GSE190989,mESC,35145304,2/6/22,Embryonic Stem Cell,,27767781,11900073,0.186,50247,0.9321
GSM5737220,GSE190989,motor_neuron,35145304,2/6/22,Motor Neuron,,24550609,11715933,0.129,38926,0.9162
GSM5737222,GSE190989,motor_neuron,35145304,2/6/22,Motor Neuron,,13029092,6736473,0.149,36082,0.9145
GSM5737223,GSE190989,motor_neuron,35145304,2/6/22,Motor Neuron,,19759796,9770300,0.174,41300,0.9112
GSM5737224,GSE190989,E14,35145304,2/6/22,Embryonic Stem Cell,,34283642,9692903,0.202,53706,0.9239
GSM5737225,GSE190989,mESC,35145304,2/6/22,Embryonic Stem Cell,,38588451,13148933,0.179,56855,0.9139
GSM5737226,GSE190989,mESC,35145304,2/6/22,Embryonic Stem Cell,,30978023,12238695,0.145,45915,0.934
GSM5737227,GSE190989,motor_neuron,35145304,2/6/22,Motor Neuron,,19676352,9222214,0.103,30895,0.9282
GSM5737228,GSE190989,motor_neuron,35145304,2/6/22,Motor Neuron,,38306526,12388889,0.22,50336,0.8723
GSM5737229,GSE190989,motor_neuron,35145304,2/6/22,Motor Neuron,,38978333,11266657,0.204,45210,0.8886
GSM5740052,GSE191146,thymus,,12/28/21,Thymus,,31871519,19780575,0.029,18358,0.9589
GSM5740053,GSE191146,skin,,12/28/21,Skin,,66663503,32207438,0.034,22254,0.9278
GSM5746731,GSE192426,E14,35145304,2/6/22,Embryonic Stem Cell,,13359065,5017034,0.157,38274,0.9452
GSM5746732,GSE192426,mESC,35145304,2/6/22,Embryonic Stem Cell,,15492727,5823357,0.129,36458,0.9462
GSM5746733,GSE192426,mESC,35145304,2/6/22,Embryonic Stem Cell,,17025688,6377375,0.116,34916,0.9514
GSM5746734,GSE192426,mESC,35145304,2/6/22,Embryonic Stem Cell,,17167425,6065721,0.144,38678,0.9444
GSM5746735,GSE192426,motor_neuron,35145304,2/6/22,Motor Neuron,,16733629,9329874,0.073,25501,0.939
GSM5746736,GSE192426,motor_neuron,35145304,2/6/22,Motor Neuron,,19794814,9089891,0.14,34902,0.9177
GSM5746737,GSE192426,motor_neuron,35145304,2/6/22,Motor Neuron,,18488305,9134333,0.059,22888,0.9487
GSM5746738,GSE192426,motor_neuron,35145304,2/6/22,Motor Neuron,,16223735,7514828,0.086,25251,0.9437
GSM5819295,GSE193728,E14_MEF,,1/17/22,Embryonic Fibroblast,,148927382,55986787,0.114,55954,0.6106
GSM5819320,GSE193728,E14_MEF,,1/17/22,Embryonic Fibroblast,,128534858,28169179,0.082,25038,0.945
GSM5819321,GSE193728,E14_MEF,,1/17/22,Embryonic Fibroblast,,92478226,24009665,0.27,47410,0.9117
GSM5819346,GSE193728,E14_MEF,,1/17/22,Embryonic Fibroblast,,105334720,22890947,0.259,46586,0.9089
GSM5819347,GSE193728,E14_MEF,,1/17/22,Embryonic Fibroblast,,129484164,25854981,0.335,56765,0.9014
GSM5819376,GSE193728,E14_MEF,,1/17/22,Embryonic Fibroblast,,114470972,33866471,0.288,55837,0.8954
GSM5819377,GSE193728,E14_MEF,,1/17/22,Embryonic Fibroblast,,96162148,34468198,0.17,42575,0.9182
GSM5828339,GSE194114,distal_forelimb,35715427,5/17/22,Distal Forelimb,,181140348,55709702,0.116,55948,0.8716
GSM5828340,GSE194114,proximal_forelimb,35715427,5/17/22,Proximal Forelimb,,189433084,60441794,0.108,55666,0.8773
GSM5831926,GSE194268,mESC,38071364,11/10/23,Embryonic Stem Cell,,35635644,15077223,0.021,9621,0.9494
GSM5831927,GSE194268,mESC,38071364,11/10/23,Embryonic Stem Cell,,57620164,24367990,0.022,12884,0.9499
GSM5835468,GSE195592,E10.5_posterior_trunk,35770682,6/20/22,Posterior Trunk,,213359147,124015551,0.149,95338,0.7491
GSM5861604,GSE196170,spinal_motor_neuron,35585070,2/7/22,Spinal Motor Neuron,,40360552,10252657,0.152,21634,0.9107
GSM5905303,GSE196942,liver,38153160,12/11/23,Liver,,44915044,26318366,0.41,84375,0.8098
GSM5905304,GSE196942,liver,38153160,12/11/23,Liver,,44437111,26828026,0.416,82807,0.8049
GSM5905305,GSE196942,liver,38153160,12/11/23,Liver,,38523041,21011664,0.454,78418,0.811
GSM5905306,GSE196942,liver,38153160,12/11/23,Liver,,37466964,22090497,0.413,74676,0.8152
GSM5905307,GSE196942,liver,38153160,12/11/23,Liver,,33715619,20090573,0.423,72132,0.8432
GSM5905308,GSE196942,liver,38153160,12/11/23,Liver,,44740956,24628310,0.437,81018,0.8215
GSM5905309,GSE196942,liver,38153160,12/11/23,Liver,,42487851,23496171,0.441,79678,0.8104
GSM5905310,GSE196942,liver,38153160,12/11/23,Liver,,43204747,23396548,0.426,77213,0.8181
GSM5924099,GSE197629,E11.5_distal_limb_bud,35817979,5/5/22,Distal Limb Bud,,58028751,8826457,0.358,52827,0.8908
GSM5963438,GSE199059,CD69-_CD4+_CD8+_thymocyte,36182691;37591842,8/15/22,Thymus,,39231990,23560754,0.041,24185,0.9378
GSM6009009,GSE200114,e12.5_craniofacial_prominence,39681766,9/2/24,craniofacial prominence,,18799783,14493867,0.103,35744,0.9201
GSM6009010,GSE200114,e12.5_craniofacial_prominence,39681766,9/2/24,craniofacial prominence,,22228520,16813184,0.087,34578,0.9185
GSM6009011,GSE200114,e12.5_limb,39681766,9/2/24,Limb,,20105872,15478636,0.066,30249,0.9354
GSM6009012,GSE200114,e12.5_limb,39681766,9/2/24,Limb,,18120103,14126062,0.098,33397,0.9255
GSM6009014,GSE200114,e12.5_liver,39681766,9/2/24,Liver,,20126906,15020892,0.087,30230,0.9396
GSM6009015,GSE200114,e12.5_midbrain,39681766,9/2/24,Midbrain,,19144723,14563961,0.084,32410,0.9269
GSM6009016,GSE200114,e12.5_midbrain,39681766,9/2/24,Midbrain,,17110627,12880985,0.102,34144,0.9229
GSM6009017,GSE200114,e12.5_neural_tube,39681766,9/2/24,Neural Tube,,21976087,17282269,0.073,31350,0.9254
GSM6009018,GSE200114,e12.5_neural_tube,39681766,9/2/24,Neural Tube,,19920149,15864927,0.072,28927,0.9374
GSM6009019,GSE200114,e12.5_forebrain,39681766,9/2/24,Forebrain,,23230951,17649396,0.081,32892,0.9345
GSM6009020,GSE200114,e12.5_forebrain,39681766,9/2/24,Forebrain,,17543149,13640908,0.091,31761,0.9259
GSM6009021,GSE200114,e13.5_forebrain,39681766,9/2/24,Forebrain,,20671601,16327945,0.103,34707,0.926
GSM6009022,GSE200114,e13.5_forebrain,39681766,9/2/24,Forebrain,,18092964,14387017,0.077,28887,0.9373
GSM6009023,GSE200114,e14.5_forebrain,39681766,9/2/24,Forebrain,,20281891,16411076,0.191,47978,0.9
GSM6009024,GSE200114,e14.5_forebrain,39681766,9/2/24,Forebrain,,43881694,35183182,0.213,49937,0.9067
GSM6009025,GSE200114,e16.5_forebrain,39681766,9/2/24,Forebrain,,55001448,41748547,0.076,30896,0.9359
GSM6009026,GSE200114,e16.5_forebrain,39681766,9/2/24,Forebrain,,45769020,37550008,0.138,39558,0.9063
GSM6009027,GSE200114,postnatal_forebrain,39681766,9/2/24,Forebrain,,171434636,92473951,0.122,60582,0.8732
GSM6042355,GSE192758,CD8+_T_cell,35882936,4/25/22,Spleen,,45283754,19409269,0.125,21643,0.5964
GSM6042356,GSE192758,CD8+_T_cell,35882936,4/25/22,Spleen,,30495602,14230640,0.041,8865,0.4772
GSM6042357,GSE192758,CD8+_T_cell,35882936,4/25/22,Spleen,,54196628,21673865,0.07,16518,0.5563
GSM6042358,GSE192758,CD8+_T_cell,35882936,4/25/22,Spleen,,60669522,19839647,0.124,22217,0.5959
GSM6042359,GSE192758,CD8+_T_cell,35882936,4/25/22,Spleen,,56127212,19443814,0.108,18536,0.6425
GSM6042360,GSE192758,CD8+_T_cell,35882936,4/25/22,Spleen,,48191498,11819682,0.39,31490,0.6578
GSM6042361,GSE192758,CD8+_T_cell,35882936,4/25/22,Spleen,,45859978,18468720,0.081,15316,0.6799
GSM6042362,GSE192758,CD8+_T_cell,35882936,4/25/22,Spleen,,55865688,20854238,0.145,22205,0.694
GSM6042363,GSE192758,CD8+_T_cell,35882936,4/25/22,Spleen,,62066718,22919904,0.152,24619,0.616
GSM6042364,GSE192758,CD8+_T_cell,35882936,4/25/22,Spleen,,46858388,21162672,0.078,16050,0.5809
GSM6042365,GSE192758,CD8+_T_cell,35882936,4/25/22,Spleen,,55684728,21961125,0.086,17843,0.5946
GSM6042366,GSE192758,CD8+_T_cell,35882936,4/25/22,Spleen,,46223056,13054034,0.126,18285,0.5882
GSM6042367,GSE192758,CD8+_T_cell,35882936,4/25/22,Spleen,,37614856,13338007,0.064,11134,0.6075
GSM6042368,GSE192758,CD8+_T_cell,35882936,4/25/22,Spleen,,43989822,17623608,0.059,12376,0.578
GSM6042369,GSE192758,CD8+_T_cell,35882936,4/25/22,Spleen,,54172478,12815489,0.095,13622,0.6777
GSM6042370,GSE192758,CD8+_T_cell,35882936,4/25/22,Spleen,,57523014,13576672,0.109,15458,0.6953
GSM6133692,GSE197926,liver,38062027,10/20/23,Liver,,118727702,56769007,0.145,39717,0.9085
GSM6133693,GSE197926,liver,38062027,10/20/23,Liver,,219946134,113673779,0.269,69406,0.8209
GSM6161363,GSE203189,placenta,35614060,5/24/22,Placenta,,42113859,15632911,0.008,7236,0.9579
GSM6161369,GSE203189,placenta,35614060,5/24/22,Placenta,,42363190,16395703,0.01,8296,0.9586
GSM6161371,GSE203189,placenta,35614060,5/24/22,Placenta,,28763024,12059941,0.03,16087,0.9535
GSM6161372,GSE203189,placenta,35614060,5/24/22,Placenta,,34877788,14380175,0.007,5630,0.9575
GSM6166453,GSE203322,LK,38102116,10/31/23,Bone Marrow,,53270342,18142115,0.23,37140,0.9058
GSM6166458,GSE203322,LK,38102116,10/31/23,Bone Marrow,,52433326,16495553,0.142,28735,0.9301
GSM6202871,GSE204946,CD4+_T_cell,37040761,3/1/23,Lymph Node,,22161360,9577314,0.17,29528,0.8618
GSM6204859,GSE205083,KLRG_high_CD127_low_T_cell,37040762,4/20/23,Spleen,,19346592,9149778,0.019,8877,0.9682
GSM6204865,GSE205083,KLRG_low_CD127_high_T_cell,37040762,4/20/23,Spleen,,17849699,6451255,0.021,8669,0.9644
GSM6204867,GSE205083,KLRG_low_CD127_high_T_cell,37040762,4/20/23,Spleen,,16264547,10607380,0.014,8751,0.9675
GSM6204868,GSE205083,KLRG_low_CD127_high_T_cell,37040762,4/20/23,Spleen,,16189438,10517074,0.014,8742,0.9675
GSM6204873,GSE205083,spleen,37040762,4/20/23,Spleen,,26483600,5945277,0.032,10165,0.9489
GSM6204875,GSE205083,spleen,37040762,4/20/23,Spleen,,14477291,9428806,0.011,7242,0.9676
GSM6204876,GSE205083,spleen,37040762,4/20/23,Spleen,,14702351,9601925,0.012,7391,0.9668
GSM6208874,GSE205233,MEF,36513698,12/13/22,Embryonic Fibroblast,,47132886,28087242,0.295,95631,0.8979
GSM6208876,GSE205233,MEF,36513698,12/13/22,Embryonic Fibroblast,,60013776,41426917,0.068,41634,0.9267
GSM6208878,GSE205233,MEF,36513698,12/13/22,Embryonic Fibroblast,,46548351,29937511,0.22,87390,0.9092
GSM6208880,GSE205233,MEF,36513698,12/13/22,Embryonic Fibroblast,,47373616,31935533,0.06,35955,0.9354
GSM6226239,GSE205783,mESC,37322110,4/28/23,Embryonic Stem Cell,,148220478,98960540,0.17,57308,0.9009
GSM6226240,GSE205783,mESC,37322110,4/28/23,Embryonic Stem Cell,,96187732,72559406,0.266,63834,0.8651
GSM6276531,GSE207058,NIH-3T3,38297316,1/3/24,Embryonic Fibroblast,,74472733,38831595,0.138,56416,0.9065
GSM6276532,GSE207058,NIH-3T3,38297316,1/3/24,Embryonic Fibroblast,,70081838,25298418,0.31,84332,0.8766
GSM6276533,GSE207058,NIH-3T3,38297316,1/3/24,Embryonic Fibroblast,,20982146,10116339,0.117,35368,0.9497
GSM6276534,GSE207058,NIH-3T3,38297316,1/3/24,Embryonic Fibroblast,,62258576,29450633,0.015,15161,0.9715
GSM6280759,GSE207166,mESC,38613389,3/28/24,Embryonic Stem Cell,,211826692,126178877,0.156,73093,0.8807
GSM6280762,GSE207166,mESC,38613389,3/28/24,Embryonic Stem Cell,,218519512,122847333,0.247,83130,0.8495
GSM6304201,GSE207640,naive_B_cell,36852270,2/10/23,Spleen,,33394859,22338681,0.299,46496,0.8676
GSM6304202,GSE207640,naive_B_cell,36852270,2/10/23,Spleen,,32071213,21266121,0.2,38335,0.8836
GSM6304203,GSE207640,naive_B_cell,36852270,2/10/23,Spleen,,23921520,15313072,0.053,19320,0.9483
GSM6307685,GSE207692,liver,37416476,7/4/23,Liver,,55249169,32225585,0.251,67131,0.8106
GSM6307686,GSE207692,liver,37416476,7/4/23,Liver,,59999066,32771326,0.198,56115,0.8295
GSM6307687,GSE207692,liver,37416476,7/4/23,Liver,,59184424,29439083,0.322,75268,0.7923
GSM6307688,GSE207692,liver,37416476,7/4/23,Liver,,54030028,31027371,0.105,37401,0.8358
GSM6307689,GSE207692,liver,37416476,7/4/23,Liver,,54199513,32317183,0.057,28090,0.9172
GSM6307690,GSE207692,liver,37416476,7/4/23,Liver,,60720693,34557158,0.087,35661,0.8765
GSM634247,GSE25777,R1,21589869,5/19/11,Embryonic Stem Cell,,12172879,8513532,0.039,18461,0.7925
GSM6438674,GSE210817,neuron,38062010,10/31/23,Cortex,,97766808,10030928,0.153,25081,0.9032
GSM6438675,GSE210817,neuron,38062010,10/31/23,Cortex,,82930998,8520337,0.146,22704,0.9101
GSM6438676,GSE210817,neuron,38062010,10/31/23,Cortex,,97897924,11502456,0.154,26148,0.9014
GSM6438677,GSE210817,neuron,38062010,10/31/23,Cortex,,70585614,7672199,0.135,20639,0.9099
GSM6438678,GSE210817,neuron,38062010,10/31/23,Cortex,,17709010,8573654,0.231,30959,0.9007
GSM6438679,GSE210817,neuron,38062010,10/31/23,Cortex,,19905386,9644009,0.238,32857,0.8987
GSM6438680,GSE210817,neuron,38062010,10/31/23,Cortex,,25606384,11697213,0.075,18209,0.9309
GSM6438681,GSE210817,neuron,38062010,10/31/23,Cortex,,18633878,8325147,0.166,24907,0.9129
GSM644975,GSE26257,RAG1KO_pro_b_cell,21606361,6/7/11,Bone marrow,,3340940,1175607,0.212,21472,0.9575
GSM6505196,GSE211904,E10.5_cranial_neural_crest_cell,37277355,4/27/23, Cranial Neural Crest Cell,,74088964,42162552,0.32,99005,0.8172
GSM6505197,GSE211904,E10.5_cranial_neural_crest_cell,37277355,4/27/23, Cranial Neural Crest Cell,,51580060,28573915,0.353,89649,0.8244
GSM6510239,GSE212151,MEF,36424654,1/26/23,Embryonic Fibroblast,,66759027,44339978,0.186,66841,0.8887
GSM6605809,GSE214438,RAG2KO_pro_B_cell_old,38866970;39602533,3/1/24,Bone Marrow,,36152000,26108201,0.114,38899,0.9146
GSM6605810,GSE214438,RAG2KO_pro_B_cell_old,38866970;39602533,3/1/24,Bone Marrow,,38403295,23831781,0.285,61323,0.8028
GSM6605817,GSE214438,RAG2KO_pro_B_cell_young,38866970;39602533,3/1/24,Bone Marrow,,35139722,25371666,0.175,48808,0.8899
GSM6605818,GSE214438,RAG2KO_pro_B_cell_young,38866970;39602533,3/1/24,Bone Marrow,,35386844,22723900,0.305,65396,0.8471
GSM6614265,GSE214692,E18.5_brain,38951485;39682078,5/5/24,Brain,,51372526,26325177,0.116,31865,0.9158
GSM6614267,GSE214692,E18.5_heart,38951485;39682078,5/5/24,Heart,,82975844,22059939,0.043,17715,0.9447
GSM6614269,GSE214692,E18.5_lung,38951485;39682078,5/5/24,Lung,,54267486,19844222,0.174,34082,0.9178
GSM6625226,GSE215181,Th1,,5/1/24,Spleen,,30505683,20991496,0.023,16982,0.9588
GSM6625227,GSE215181,Th1,,5/1/24,Spleen,,32967547,22311214,0.02,15291,0.9553
GSM672400,GSE27215,CD4+_CD8+_T_cell,21349430;21552207,2/11/11,Not Stated,,37550128,6641477,0.142,16268,0.9146
GSM672401,GSE27215,RAG2KO_pro_B_cell,21349430;21552207,2/11/11,Not Stated,,39784406,16158420,0.28,41143,0.9075
GSM672402,GSE27215,mature_B_cell,21349430;21552207,2/11/11,Not Stated,,39201910,16113395,0.24,28335,0.9203
GSM6732827,GSE218017,Th2,37285842,6/6/23,Not Stated,,60813704,36850512,0.239,54861,0.8641
GSM6732828,GSE218017,Th2,37285842,6/6/23,Not Stated,,131149814,100027809,0.401,66800,0.7772
GSM6732829,GSE218017,Th2,37285842,6/6/23,Not Stated,,73652791,43755007,0.257,59136,0.8683
GSM6732830,GSE218017,Th2,37285842,6/6/23,Not Stated,,131732312,107100259,0.337,72974,0.796
GSM6879754,GSE221519,small_pre_B_cell,37985858,8/31/23,Bone Marrow,,197483334,43435100,0.077,28118,0.9459
GSM6879755,GSE221519,small_pre_B_cell,37985858,8/31/23,Bone Marrow,,210732728,47055493,0.083,29604,0.9377
GSM6879756,GSE221519,small_pre_B_cell,37985858,8/31/23,Bone Marrow,,201923004,19980612,0.083,22986,0.9327
GSM6879757,GSE221519,small_pre_B_cell,37985858,8/31/23,Bone Marrow,,1910720108,26278498,0.079,24723,0.9315
GSM6946683,GSE204946,CD4+_T_cell,37040761,3/1/23,Lymph Node,,46670084,27187376,0.067,21317,0.9197
GSM6946684,GSE204946,CD4+_T_cell,37040761,3/1/23,Lymph Node,,123277548,57821789,0.057,24873,0.8833
GSM6946685,GSE204946,CD4+_T_cell,37040761,3/1/23,Lymph Node,,88231652,36413690,0.098,27144,0.8979
GSM6946686,GSE204946,CD4+_T_cell,37040761,3/1/23,Lymph Node,,53899420,24100443,0.091,23829,0.916
GSM6946687,GSE204946,CD4+_T_cell,37040761,3/1/23,Lymph Node,,56668550,26219832,0.06,20245,0.933
GSM6946688,GSE204946,CD4+_T_cell,37040761,3/1/23,Lymph Node,,43494200,27026916,0.055,19406,0.9375
GSM6946709,GSE204946,CD4+_T_cell,37040761,3/1/23,Lymph Node,,40282254,16625905,0.081,19907,0.8822
GSM6946710,GSE204946,CD4+_T_cell,37040761,3/1/23,Lymph Node,,34514740,16228685,0.072,19040,0.8999
GSM6946711,GSE204946,CD4+_T_cell,37040761,3/1/23,Lymph Node,,62949322,27923918,0.072,23698,0.8617
GSM6946712,GSE204946,CD4+_T_cell,37040761,3/1/23,Lymph Node,,48086298,23388579,0.062,20391,0.9056
GSM6956440,GSE223453,R1,37256750;39009604,4/22/23,Embryonic Stem Cell,,32426534,23271189,0.169,40700,0.9291
GSM6956442,GSE223453,R1,37256750;39009604,4/22/23,Embryonic Stem Cell,,37802280,26869972,0.165,40479,0.9309
GSM6956444,GSE223453,R1,37256750;39009604,4/22/23,Embryonic Stem Cell,,45787030,32359897,0.155,42102,0.9134
GSM6956446,GSE223453,mESC,37256750;39009604,4/22/23,Embryonic Stem Cell,,41731156,29300400,0.135,44692,0.9163
GSM6956448,GSE223453,mESC,37256750;39009604,4/22/23,Embryonic Stem Cell,,34031804,24129688,0.116,39015,0.9234
GSM6956450,GSE223453,mESC,37256750;39009604,4/22/23,Embryonic Stem Cell,,35034876,24982573,0.112,39478,0.9232
GSM6964604,GSE223578,mESC,,1/24/23,Embryonic Stem Cell,,51413400,29629476,0.154,52936,0.9213
GSM6964605,GSE223578,mESC,,1/24/23,Embryonic Stem Cell,,53212398,34911989,0.089,43612,0.9287
GSM6964606,GSE223578,mESC,,1/24/23,Embryonic Stem Cell,,41168756,27781667,0.015,11774,0.9555
GSM6964607,GSE223578,EpiLC,,1/24/23,Epiblast-derived Stem Cell,,66133718,37223176,0.215,71017,0.9048
GSM6964608,GSE223578,EpiLC,,1/24/23,Epiblast-derived Stem Cell,,54491294,35754184,0.108,50154,0.9257
GSM6964609,GSE223578,EpiLC,,1/24/23,Epiblast-derived Stem Cell,,33986740,23385534,0.114,45629,0.9279
GSM6964610,GSE223578,mESC,,1/24/23,Embryonic Stem Cell,,49157246,32533556,0.015,13291,0.9556
GSM6964611,GSE223578,mESC,,1/24/23,Embryonic Stem Cell,,57383288,39149264,0.103,48562,0.9272
GSM6964612,GSE223578,mESC,,1/24/23,Embryonic Stem Cell,,61063086,39004968,0.093,47702,0.9282
GSM6964613,GSE223578,EpiLC,,1/24/23,Epiblast-derived Stem Cell,,61008650,39398561,0.111,52377,0.9183
GSM6964614,GSE223578,EpiLC,,1/24/23,Epiblast-derived Stem Cell,,75449360,50082618,0.134,60441,0.9089
GSM6964615,GSE223578,EpiLC,,1/24/23,Epiblast-derived Stem Cell,,66854626,45942066,0.108,55200,0.916
GSM6964616,GSE223578,mESC,,1/24/23,Embryonic Stem Cell,,52012370,36019700,0.011,10813,0.9613
GSM6964617,GSE223578,mESC,,1/24/23,Embryonic Stem Cell,,55988556,36137419,0.08,41821,0.9385
GSM6964618,GSE223578,mESC,,1/24/23,Embryonic Stem Cell,,150433238,94618265,0.07,50826,0.9349
GSM6964619,GSE223578,EpiLC,,1/24/23,Epiblast-derived Stem Cell,,69132092,43930771,0.141,59501,0.9293
GSM6964620,GSE223578,EpiLC,,1/24/23,Epiblast-derived Stem Cell,,55697718,37264831,0.02,17704,0.9562
GSM6964621,GSE223578,EpiLC,,1/24/23,Epiblast-derived Stem Cell,,76525958,42428472,0.049,33803,0.9483
GSM6964622,GSE223578,mESC,,1/24/23,Embryonic Stem Cell,,48747116,32223154,0.079,39046,0.9363
GSM6964623,GSE223578,mESC,,1/24/23,Embryonic Stem Cell,,60156270,20651936,0.096,39268,0.9352
GSM6964624,GSE223578,mESC,,1/24/23,Embryonic Stem Cell,,49695580,34285348,0.116,51782,0.9239
GSM6964625,GSE223578,EpiLC,,1/24/23,Epiblast-derived Stem Cell,,67120412,44956082,0.135,57223,0.91
GSM6964626,GSE223578,EpiLC,,1/24/23,Epiblast-derived Stem Cell,,55416832,36008160,0.149,59516,0.9051
GSM6964627,GSE223578,EpiLC,,1/24/23,Epiblast-derived Stem Cell,,57365680,38416454,0.133,54918,0.9183
GSM699165,GSE28247,E14,21685913,6/23/11,Embryonic Stem Cell,,17155797,10561884,0.576,85360,0.8638
GSM6998539,GSE223903,freshly_isolated_stem_cell,36800432,2/3/23,Skeletal Muscle,,84860512,41678741,0.018,11205,0.9642
GSM6998540,GSE223903,freshly_isolated_stem_cell,36800432,2/3/23,Skeletal Muscle,,87716544,42910895,0.014,9652,0.9611
GSM7042604,GSE210817,neuron,38062010,10/31/23,Cortex,,20073068,8892956,0.168,25766,0.9109
GSM7042605,GSE210817,neuron,38062010,10/31/23,Cortex,,25595818,11811526,0.076,18267,0.9349
GSM7042606,GSE210817,neuron,38062010,10/31/23,Cortex,,19240170,11251800,0.205,31151,0.897
GSM7054961,GSE225794,neural_progenitor,37494934,7/25/23,Neural Progenitor,,67743814,46111668,0.52,101391,0.8504
GSM7054963,GSE225794,OPC,37494934,7/25/23,Oligodendrocyte Progenitor Cell,,73333098,37076202,0.429,80983,0.8563
GSM7054965,GSE225794,OPC,37494934,7/25/23,Oligodendrocyte Progenitor Cell,,50592424,32872350,0.506,82865,0.8721
GSM7054966,GSE225794,OPC,37494934,7/25/23,Oligodendrocyte Progenitor Cell,,34957412,8649959,0.392,48373,0.9189
GSM7100820,GSE227463,neuron,38377005,1/29/24,Cortex,,19532312,10851981,0.19,30303,0.8388
GSM7100821,GSE227463,neuron,38377005,1/29/24,Cortex,,43321122,31442872,0.246,61673,0.87
GSM7102075,GSE227519,uterus,37489832,8/8/24,Uterus,,77298716,33618899,0.49,106252,0.6149
GSM7102076,GSE227519,uterus,37489832,8/8/24,Uterus,,126974463,52682551,0.394,71452,0.6305
GSM7116277,GSE208145,E14,37552993,6/26/23,Embryonic Stem Cell,,65249172,25791415,0.24,56705,0.9149
GSM7116278,GSE208145,E14,37552993,6/26/23,Embryonic Stem Cell,,103702798,28581338,0.33,65986,0.9055
GSM7116279,GSE208145,E14,37552993,6/26/23,Embryonic Stem Cell,,80171424,31739812,0.297,74056,0.9022
GSM7116280,GSE208145,E14,37552993,6/26/23,Embryonic Stem Cell,,90918512,33998681,0.427,87919,0.8886
GSM7116281,GSE208145,E14,37552993,6/26/23,Embryonic Stem Cell,,87199746,31539635,0.287,65341,0.9074
GSM7116282,GSE208145,E14,37552993,6/26/23,Embryonic Stem Cell,,88268672,28432852,0.347,68174,0.9057
GSM7116283,GSE208145,E14,37552993,6/26/23,Embryonic Stem Cell,,83680398,27701787,0.127,41448,0.9576
GSM7116284,GSE208145,E14,37552993,6/26/23,Embryonic Stem Cell,,51712524,20860360,0.155,42291,0.9555
GSM7116285,GSE208145,E14,37552993,6/26/23,Embryonic Stem Cell,,63631880,24715638,0.186,44875,0.9538
GSM7116286,GSE208145,E14,37552993,6/26/23,Embryonic Stem Cell,,92347974,33616632,0.133,42216,0.9562
GSM7122533,GSE228480,intestinal_epithelium,,12/18/23,Small Intestine,,27175200,19743848,0.251,38636,0.9056
GSM7122534,GSE228480,intestinal_epithelium,,12/18/23,Small Intestine,,26432096,19394608,0.254,37944,0.9195
GSM7134806,GSE228672,NSC,37749075,4/4/23,Neural Stem Cell,,55703933,25995628,0.064,52699,0.5502
GSM7134807,GSE228672,NSC,37749075,4/4/23,Neural Stem Cell,,47309348,22173057,0.166,76895,0.5852
GSM7134808,GSE228672,NSC,37749075,4/4/23,Neural Stem Cell,,66267312,32147236,0.075,72687,0.4927
GSM7134809,GSE228672,NSC,37749075,4/4/23,Neural Stem Cell,,60558118,33956152,0.095,58962,0.7303
GSM7134810,GSE228672,NSC,37749075,4/4/23,Neural Stem Cell,,65968974,36500053,0.127,88055,0.5725
GSM7134811,GSE228672,NSC,37749075,4/4/23,Neural Stem Cell,,60537026,34981895,0.083,64545,0.6107
GSM7134812,GSE228672,NSC,37749075,4/4/23,Neural Stem Cell,,67142164,42646886,0.095,58675,0.7283
GSM7134813,GSE228672,NSC,37749075,4/4/23,Neural Stem Cell,,53929122,28174141,0.109,56741,0.7114
GSM7152471,GSE229101,G1E-ER4,38951027,4/10/23,Erythroid,,44223605,23417236,0.292,56278,0.8998
GSM7152472,GSE229101,G1E-ER4,38951027,4/10/23,Erythroid,,48073478,21474470,0.334,58746,0.8975
GSM7152473,GSE229101,G1E,38951027,4/10/23,Erythroid,,34818460,22502164,0.104,35270,0.9388
GSM7213944,GSE230330,CD4_T_cell,36865315;37932264,6/14/23,Thymus,,15112242,8509917,0.126,26693,0.9335
GSM7213946,GSE230330,regulatory_T_cell,36865315;37932264,6/14/23,Thymus,,17879430,11425716,0.087,26128,0.9458
GSM7221821,GSE184272,mESC,37264934,6/2/23,Embryonic Stem Cell,,63925560,30887390,0.269,55563,0.8644
GSM7221822,GSE184272,mESC,37264934,6/2/23,Embryonic Stem Cell,,74649320,36328551,0.275,60154,0.8542
GSM7221823,GSE184272,mESC,37264934,6/2/23,Embryonic Stem Cell,,69641154,32163660,0.276,58661,0.8666
GSM7221824,GSE184272,mESC,37264934,6/2/23,Embryonic Stem Cell,,62157620,30525777,0.27,58819,0.8725
GSM7225018,GSE230482,E14,39173638,8/21/24,Embryonic Stem Cell,,36281572,18719412,0.008,8671,0.9692
GSM7225019,GSE230482,E14,39173638,8/21/24,Embryonic Stem Cell,,45548476,14969018,0.048,29072,0.9513
GSM7225020,GSE230482,E14,39173638,8/21/24,Embryonic Stem Cell,,33026640,17591181,0.011,11245,0.9669
GSM7225021,GSE230482,E14,39173638,8/21/24,Embryonic Stem Cell,,31615291,10195710,0.034,19488,0.9646
GSM7225040,GSE230482,E14,39173638,8/21/24,Embryonic Stem Cell,,45963901,5345973,0.116,24443,0.9499
GSM7225041,GSE230482,E14,39173638,8/21/24,Embryonic Stem Cell,,33138412,13471479,0.017,10382,0.9706
GSM7225044,GSE230482,E14,39173638,8/21/24,Embryonic Stem Cell,,42965198,4821556,0.115,21864,0.9562
GSM722631,GSE29218,cortex,22763441,7/1/12,Cortex,,42900516,10351362,0.249,45047,0.8724
GSM722636,GSE29218,bone_marrow,22763441,7/1/12,Bone Marrow,,56248480,28569788,0.095,48054,0.64
GSM722663,GSE29218,cerebellum,22763441,7/1/12,Cerebellum,,57796523,25794288,0.129,44072,0.7645
GSM722692,GSE29218,heart,22763441,7/1/12,Heart,,33128001,13709089,0.23,45396,0.851
GSM722698,GSE29218,kidney,22763441,7/1/12,Kidney,,38163846,16467774,0.317,66005,0.762
GSM722759,GSE29218,liver,22763441,7/1/12,Liver,,53452133,23415872,0.166,56086,0.75
GSM722859,GSE29218,lung,22763441,7/1/12,Lung,,45500762,13845381,0.163,38282,0.8642
GSM722990,GSE29218,spleen,22763441,7/1/12,Spleen,,38371918,10130485,0.118,26089,0.883
GSM723004,GSE29218,MEF,22763441,7/1/12,Embryonic Fibroblast,,40877084,10482135,0.144,46511,0.5791
GSM723015,GSE29218,Bruce-4,22763441,7/1/12,Embryonic Stem Cell,,19433603,9910231,0.269,49471,0.8899
GSM7246731,GSE230915,heart,22955616,4/30/23,Heart,,49984798,27591897,0.359,74284,0.8211
GSM7246732,GSE230915,heart,22955616,4/30/23,Heart,,48205526,26176533,0.36,74372,0.8182
GSM7246733,GSE230915,heart,22955616,4/30/23,Heart,,39136018,21733363,0.35,65829,0.8348
GSM7246734,GSE230915,heart,22955616,4/30/23,Heart,,42261705,21945970,0.351,66682,0.8305
GSM7247446,GSE230982,gastrocnemius,22955616,4/30/23,Gastrocnemius,,37484636,23201363,0.135,37395,0.9127
GSM7247447,GSE230982,gastrocnemius,22955616,4/30/23,Gastrocnemius,,36858102,20746689,0.33,59860,0.8607
GSM7247448,GSE230982,gastrocnemius,22955616,4/30/23,Gastrocnemius,,39544607,22659650,0.323,61188,0.8602
GSM7247449,GSE230982,gastrocnemius,22955616,4/30/23,Gastrocnemius,,37805932,23142120,0.138,37886,0.9122
GSM7248791,GSE231067,left_cerebral_cortex,22955616,4/30/23,Left Cerebral Cortex,,37266493,24617355,0.163,50241,0.8851
GSM7248793,GSE231067,left_cerebral_cortex,22955616,4/30/23,Left Cerebral Cortex,,46953433,26914740,0.389,94100,0.7968
GSM7248795,GSE231067,left_cerebral_cortex,22955616,4/30/23,Left Cerebral Cortex,,22359975,14925920,0.161,42084,0.9047
GSM7248797,GSE231067,left_cerebral_cortex,22955616,4/30/23,Left Cerebral Cortex,,25719392,15070121,0.405,76056,0.8274
GSM7251544,GSE231130,hippocampus,22955616,4/30/23,Hippocampus,,49328878,28920446,0.39,97166,0.7971
GSM7251545,GSE231130,hippocampus,22955616,4/30/23,Hippocampus,,47321515,28139789,0.367,92539,0.8036
GSM7251546,GSE231130,hippocampus,22955616,4/30/23,Hippocampus,,46569744,27983280,0.367,91309,0.8066
GSM7251548,GSE231130,hippocampus,22955616,4/30/23,Hippocampus,,47648656,27894948,0.388,94880,0.8014
GSM7256790,GSE231307,E17.5_diencephalon,37214934;38872220,5/10/23,Diencephalon,,109170706,63237261,0.269,74189,0.7337
GSM7256792,GSE231307,E17.5_diencephalon,37214934;38872220,5/10/23,Diencephalon,,106909594,61848717,0.189,57553,0.7713
GSM7256794,GSE231307,E17.5_diencephalon,37214934;38872220,5/10/23,Diencephalon,,109572442,63546075,0.224,65266,0.7607
GSM7305335,GSE231869,R1,,5/9/23,Embryonic Stem Cell,,33374042,19199460,0.19,65696,0.889
GSM7305336,GSE231869,R1,,5/9/23,Embryonic Stem Cell,,39353848,23144131,0.142,53525,0.9103
GSM7305337,GSE231869,R1,,5/9/23,Embryonic Stem Cell,,38998582,17743376,0.22,66010,0.8962
GSM7305338,GSE231869,R1,,5/9/23,Embryonic Stem Cell,,38890871,21843773,0.178,58982,0.9039
GSM7305347,GSE231869,R1,,5/9/23,Embryonic Stem Cell,,121496178,58672693,0.199,61666,0.9002
GSM7305353,GSE231869,R1,,5/9/23,Embryonic Stem Cell,,109866476,53533602,0.156,52760,0.9157
GSM7305359,GSE231869,mESC,,5/9/23,Embryonic Stem Cell,,94954820,40212720,0.276,65352,0.8964
GSM7305365,GSE231869,mESC,,5/9/23,Embryonic Stem Cell,,135600386,55615620,0.254,68211,0.8913
GSM7336789,GSE232490,large_pre_B_cell,,11/20/23,Not Stated,,35146608,24849963,0.358,79582,0.8773
GSM7336790,GSE232490,large_pre_B_cell,,11/20/23,Not Stated,,27309093,19394309,0.434,79035,0.8811
GSM7336791,GSE232490,large_pre_B_cell,,11/20/23,Not Stated,,31954145,21090587,0.508,84057,0.8675
GSM7336792,GSE232490,large_pre_B_cell,,11/20/23,Not Stated,,31557049,20709077,0.541,85872,0.8597
GSM7336821,GSE232490,large_pre_B_cell,,11/20/23,Not Stated,,30960121,21547828,0.367,68033,0.8745
GSM7336822,GSE232490,large_pre_B_cell,,11/20/23,Not Stated,,26779353,17495094,0.605,94153,0.8546
GSM7336823,GSE232490,large_pre_B_cell,,11/20/23,Not Stated,,200051555,56563363,0.117,67787,0.6157
GSM7336824,GSE232490,large_pre_B_cell,,11/20/23,Not Stated,,31262379,21102423,0.415,72814,0.8659
GSM7336825,GSE232490,large_pre_B_cell,,11/20/23,Not Stated,,33489537,21798323,0.563,92198,0.8546
GSM7336826,GSE232490,large_pre_B_cell,,11/20/23,Not Stated,,200051555,54781516,0.118,67051,0.6172
GSM7461438,GSE234295,mESC,,3/11/24,Embryonic Stem Cell,,43853108,28558531,0.114,52078,0.9238
GSM7461439,GSE234295,mESC,,3/11/24,Embryonic Stem Cell,,49973683,33194735,0.078,45192,0.9325
GSM7461440,GSE234295,mESC,,3/11/24,Embryonic Stem Cell,,49725803,33085630,0.067,39008,0.9316
GSM7461441,GSE234295,mESC,,3/11/24,Embryonic Stem Cell,,47963592,30823815,0.091,44286,0.9192
GSM7461446,GSE234295,mESC,,3/11/24,Embryonic Stem Cell,,51927538,31935757,0.062,39162,0.9376
GSM7461447,GSE234295,mESC,,3/11/24,Embryonic Stem Cell,,46473805,29190832,0.062,37306,0.9382
GSM7461448,GSE234295,mESC,,3/11/24,Embryonic Stem Cell,,50622191,31656462,0.039,27157,0.9443
GSM7461449,GSE234295,mESC,,3/11/24,Embryonic Stem Cell,,48166641,28356673,0.051,30465,0.935
GSM747534,GSE30206,mESC,22170606,12/9/11,Embryonic Stem Cell,,13988384,6225941,0.529,61306,0.8952
GSM747535,GSE30206,mESC,22170606,12/9/11,Embryonic Stem Cell,,18268121,5396778,0.451,55519,0.9002
GSM747536,GSE30206,mESC,22170606,12/9/11,Embryonic Stem Cell,,12299231,4359253,0.465,49567,0.8955
GSM747537,GSE30206,mESC,22170606,12/9/11,Embryonic Stem Cell,,47803784,20899621,0.393,81583,0.8556
GSM747538,GSE30206,mESC,22170606,12/9/11,Embryonic Stem Cell,,47739191,15557803,0.379,69843,0.8737
GSM7512550,GSE235972,neuron,,8/30/23,Cortex,,19532312,10735170,0.189,29985,0.8386
GSM7512551,GSE235972,neuron,,8/30/23,Cortex,,43321122,31206830,0.245,61315,0.8701
GSM7512554,GSE235972,neuron,,8/30/23,Cortex,,23603108,14119525,0.148,28495,0.8932
GSM7512555,GSE235972,neuron,,8/30/23,Cortex,,41964486,28541287,0.153,37414,0.8936
GSM7528878,GSE236376,HM-1,38386308,8/1/24,Embryonic Stem Cell,,68787024,50730304,0.425,102125,0.8889
GSM7528879,GSE236376,HM-1,38386308,8/1/24,Embryonic Stem Cell,,81013104,58454340,0.447,110850,0.8772
GSM7528880,GSE236376,HM-1,38386308,8/1/24,Embryonic Stem Cell,,66003656,48864138,0.493,102901,0.8926
GSM7528881,GSE236376,HM-1,38386308,8/1/24,Embryonic Stem Cell,,71983222,53540138,0.539,110013,0.8866
GSM7681669,GSE184471,TT2,38167730,11/1/23,Embryonic Stem Cell,,41411848,23162342,0.061,33387,0.94
GSM7681670,GSE184471,TT2,38167730,11/1/23,Embryonic Stem Cell,,28526584,15995420,0.055,28916,0.9539
GSM7681681,GSE184471,TT2,38167730,11/1/23,Embryonic Stem Cell,,34199919,18555965,0.168,51734,0.9178
GSM7681682,GSE184471,TT2,38167730,11/1/23,Embryonic Stem Cell,,33949048,17351420,0.169,53716,0.9128
GSM7733061,GSE241741,pro_B_cell,,1/22/25,Bone Marrow,,33671479,24007225,0.31,74320,0.8993
GSM7733063,GSE241741,pro_B_cell,,1/22/25,Bone Marrow,,33824424,24349019,0.197,60120,0.9156
GSM7733098,GSE241741,pro_B_cell,,1/22/25,Bone Marrow,,44742183,27650530,0.376,70331,0.8851
GSM7733099,GSE241741,pro_B_cell,,1/22/25,Bone Marrow,,50388555,30588750,0.375,74118,0.8792
GSM7759596,GSE210815,neuron,38062010,10/31/23,Cortex,,25738376,13207824,0.201,30549,0.9154
GSM7759597,GSE210815,neuron,38062010,10/31/23,Cortex,,28020176,14142161,0.203,31203,0.9152
GSM7767568,GSE242719,whole_liver,38992049,9/12/23,Whole Liver,,17018806,8388664,0.143,41779,0.4346
GSM7767569,GSE242719,whole_liver,38992049,9/12/23,Whole Liver,,13801271,5663313,0.211,47472,0.4085
GSM7767577,GSE242719,whole_liver,38992049,9/12/23,Whole Liver,,20249477,14511097,0.064,23600,0.9203
GSM7767578,GSE242719,whole_liver,38992049,9/12/23,Whole Liver,,17563400,12816095,0.045,18165,0.9099
GSM7767579,GSE242719,whole_liver,38992049,9/12/23,Whole Liver,,33674406,21650454,0.075,30520,0.8753
GSM7767580,GSE242719,whole_liver,38992049,9/12/23,Whole Liver,,33152216,21617690,0.057,29698,0.7711
GSM7793701,GSE242235,testis,39026739,1/31/25,Testis,,52589200,35160804,0.09,39094,0.9055
GSM7793702,GSE242235,testis,39026739,1/31/25,Testis,,56517490,37726444,0.079,37676,0.8895
GSM7793703,GSE242235,testis,39026739,1/31/25,Testis,,52405515,35041865,0.092,39470,0.8986
GSM7796950,GSE243851,lens_epithelium,38643244,10/16/23,Lens Epithelium,,36501650,19032796,0.012,10229,0.938
GSM7796951,GSE243851,lens_fiber,38643244,10/16/23,Lens Fiber,,34048818,13749276,0.03,17416,0.9231
GSM7823632,GSE244681,Thy1+_spermatogonia,38076840,12/11/24,Testis,,53948714,6922847,0.029,9677,0.9325
GSM7823633,GSE244681,Thy1+_spermatogonia,38076840,12/11/24,Testis,,59924541,3882818,0.046,9987,0.8984
GSM7823634,GSE244681,pachyten_spermatocytes,38076840,12/11/24,Testis,,42426804,17740891,0.037,14113,0.961
GSM7823635,GSE244681,pachyten_spermatocytes,38076840,12/11/24,Testis,,62009178,7289179,0.084,16238,0.9529
GSM7823636,GSE244681,pachyten_spermatocytes,38076840,12/11/24,Testis,,49376707,7017641,0.06,15450,0.9491
GSM7823637,GSE244681,pachyten_spermatocytes,38076840,12/11/24,Testis,,47498764,13748971,0.075,21734,0.9538
GSM7832127,GSE244929,E14,40189615,10/13/23,Embryonic Stem Cell,,814422780,146135378,0.076,52745,0.8749
GSM7832128,GSE244929,erythroid,40189615,10/13/23,Erythroid,,137076970,92679350,0.115,41241,0.907
GSM7876362,GSE246755,E10.5_limb,,3/15/25,Limb,,57985076,18694208,0.057,21598,0.696
GSM7876363,GSE246755,E10.5_limb,,3/15/25,Limb,,58738068,22813559,0.098,32049,0.5973
GSM7876364,GSE246755,E10.5_limb,,3/15/25,Limb,,33164239,12768509,0.483,88782,0.8499
GSM7876365,GSE246755,E10.5_limb,,3/15/25,Limb,,27936174,7745737,0.322,54611,0.9073
GSM7886086,GSE247254,erythroid_progenitor,39210046,6/17/24,Erythroid Progenitor,,73193618,49590906,0.28,60056,0.899
GSM7886087,GSE247254,erythroid_progenitor,39210046,6/17/24,Erythroid Progenitor,,73757026,45282920,0.293,59633,0.8989
GSM7886099,GSE247254,erythroid_progenitor,39210046,6/17/24,Erythroid Progenitor,,46511784,30938213,0.271,53980,0.9067
GSM7886100,GSE247254,erythroid_progenitor,39210046,6/17/24,Erythroid Progenitor,,70660520,42845277,0.278,57107,0.904
GSM7898079,GSE247620,e15.5_neural_progenitor,38961490,6/1/24,Neural Progenitor,,50579336,21567061,0.108,29457,0.9403
GSM7898080,GSE247620,e15.5_neural_progenitor,38961490,6/1/24,Neural Progenitor,,35343960,14727211,0.146,30285,0.9355
GSM7898081,GSE247620,e15.5_neural_progenitor,38961490,6/1/24,Neural Progenitor,,22849190,9854702,0.188,30527,0.9322
GSM7898082,GSE247620,e15.5_neural_progenitor,38961490,6/1/24,Neural Progenitor,,37020536,16000367,0.213,40889,0.9436
GSM7898083,GSE247620,e15.5_neural_progenitor,38961490,6/1/24,Neural Progenitor,,48438286,19418890,0.143,36720,0.9486
GSM7898084,GSE247620,e15.5_neural_progenitor,38961490,6/1/24,Neural Progenitor,,34261344,14611519,0.14,33465,0.953
GSM7947101,GSE249430,olfactory_epithelium,39052779,7/29/24,Olfactory Epithelium,,87625256,39420043,0.068,27320,0.9487
GSM7956795,GSE249649,RAG1KO_CD4-_CD8-_thymocyte,38189780,1/4/24,Not Stated,,44571808,29706244,0.11,32100,0.9477
GSM7956796,GSE249649,RAG1KO_CD4-_CD8-_thymocyte,38189780,1/4/24,Not Stated,,69284066,48732853,0.042,23866,0.9584
GSM8041204,GSE254378,G1E-ER4,39721581,11/27/24,Erythroid,,64254656,36677786,0.347,64756,0.8882
GSM8041205,GSE254378,G1E-ER4,39721581,11/27/24,Erythroid,,80945420,46527662,0.324,61744,0.9023
GSM8041206,GSE254378,G1E-ER4,39721581,11/27/24,Erythroid,,74688092,40549594,0.331,59143,0.8991
GSM8041207,GSE254378,G1E-ER4,39721581,11/27/24,Erythroid,,58525646,32875447,0.294,55631,0.9104
GSM8091487,GSE256246,JM8.N4,39708803,3/7/24,Embryonic Stem Cell,,99581384,57978649,0.009,9797,0.9574
GSM8091488,GSE256246,JM8.N4,39708803,3/7/24,Embryonic Stem Cell,,103805124,59600063,0.01,11383,0.9545
GSM8091491,GSE256246,JM8.N4,39708803,3/7/24,Embryonic Stem Cell,,111144786,65754246,0.015,16661,0.9545
GSM8098659,GSE231869,E16.5_embryonic_brain,,5/9/23,Embryonic Brain,,143456906,30505096,0.337,53815,0.8502
GSM8098660,GSE231869,E16.5_embryonic_brain,,5/9/23,Embryonic Brain,,132007452,29768115,0.396,58004,0.849
GSM8098661,GSE231869,E16.5_embryonic_brain,,5/9/23,Embryonic Brain,,142967500,18836662,0.387,49260,0.8649
GSM8098662,GSE231869,E16.5_embryonic_brain,,5/9/23,Embryonic Brain,,145693692,22166382,0.397,53860,0.8567
GSM8127951,GSE260914,E14,39708805,3/8/24,Embryonic Stem Cell,,40706826,22347675,0.019,12754,0.9578
GSM8127952,GSE260914,E14,39708805,3/8/24,Embryonic Stem Cell,,22276320,10888273,0.04,17043,0.9521
GSM8128791,GSE260961,cd8+_T_cell,39820353,12/3/24,"Spleen, Lymph Node",,40759962,26160102,0.129,22446,0.6721
GSM8128792,GSE260961,cd8+_T_cell,39820353,12/3/24,"Spleen, Lymph Node",,22614949,16774695,0.023,17652,0.6957
GSM8128794,GSE260961,cd8+_T_cell,39820353,12/3/24,"Spleen, Lymph Node",,30196452,20193216,0.081,13779,0.6681
GSM8128795,GSE260961,cd8+_T_cell,39820353,12/3/24,"Spleen, Lymph Node",,22592473,17596905,0.05,25474,0.9498
GSM8137870,GSE262551,E14,,5/23/24,Embryonic Stem Cell,,43224962,32282255,0.518,78114,0.8577
GSM8137871,GSE262551,E14,,5/23/24,Embryonic Stem Cell,,41784444,31010150,0.288,61289,0.8886
GSM8137883,GSE262551,neural_progenitor,,5/23/24,Neural Progenitor,,40528814,27734687,0.438,69855,0.855
GSM8137884,GSE262551,neural_progenitor,,5/23/24,Neural Progenitor,,40318124,28128868,0.371,61305,0.8862
GSM8137898,GSE262551,E14,,5/23/24,Embryonic Stem Cell,,33547276,25596645,0.528,76989,0.8569
GSM8137899,GSE262551,E14,,5/23/24,Embryonic Stem Cell,,41706230,32201005,0.531,78362,0.8547
GSM8137911,GSE262551,neural_progenitor,,5/23/24,Neural Progenitor,,41408906,30288948,0.414,63078,0.884
GSM8137912,GSE262551,neural_progenitor,,5/23/24,Neural Progenitor,,40792986,29921593,0.411,62464,0.8736
GSM8137926,GSE262551,E14,,5/23/24,Embryonic Stem Cell,,40403306,31021889,0.512,79815,0.8684
GSM8137927,GSE262551,E14,,5/23/24,Embryonic Stem Cell,,42062358,32009435,0.527,82217,0.8611
GSM8137939,GSE262551,neural_progenitor,,5/23/24,Neural Progenitor,,30796084,22435358,0.433,61641,0.8948
GSM8137940,GSE262551,neural_progenitor,,5/23/24,Neural Progenitor,,40942068,29198292,0.256,50381,0.9123
GSM8163579,GSE262343,whole_testis,,4/23/24,Whole Testis,,435776940,264530896,0.155,60185,0.8115
GSM8163580,GSE262343,whole_testis,,4/23/24,Whole Testis,,404671018,235260655,0.221,74554,0.7803
GSM8163581,GSE262343,whole_testis,,4/23/24,Whole Testis,,346669858,52841368,0.056,38371,0.3807
GSM8163582,GSE262343,whole_testis,,4/23/24,Whole Testis,,316419668,44198793,0.054,23974,0.562
GSM8163583,GSE262343,whole_testis,,4/23/24,Whole Testis,,341995544,152283358,0.213,75562,0.7703
GSM8163584,GSE262343,whole_testis,,4/23/24,Whole Testis,,354871802,138971004,0.168,83646,0.556
GSM8172217,GSE262605,NIH-3T3,38648478,4/1/24,Embryonic Fibroblast,,68728474,30071081,0.021,12367,0.9512
GSM8172218,GSE262605,NIH-3T3,38648478,4/1/24,Embryonic Fibroblast,,88500748,44384902,0.025,19052,0.9628
GSM8172219,GSE262605,NIH-3T3,38648478,4/1/24,Embryonic Fibroblast,,66180022,36235291,0.022,15412,0.9591
GSM8172220,GSE262605,NIH-3T3,38648478,4/1/24,Embryonic Fibroblast,,90083354,48067162,0.026,20292,0.9647
GSM8219466,GSE254378,G1E-ER4,39721581,11/27/24,Erythroid,,77539450,47529068,0.217,44100,0.9163
GSM8219467,GSE254378,G1E-ER4,39721581,11/27/24,Erythroid,,14094614,9368254,0.201,29696,0.9396
GSM8308821,GSE269258,961C,39883527,1/31/25,Bone Marrow,Leukemia,83202312,52708622,0.062,24973,0.9359
GSM8308822,GSE269258,961C,39883527,1/31/25,Bone Marrow,Leukemia,84804316,49073300,0.074,31710,0.9215
GSM8331114,GSE269952,G1E-ER4,40011778,12/21/24,Erythroid,,150311412,94935781,0.082,32584,0.9327
GSM8331115,GSE269952,G1E-ER4,40011778,12/21/24,Erythroid,,130914632,80127836,0.131,38013,0.9149
GSM8331119,GSE269952,G1E-ER4,40011778,12/21/24,Erythroid,,139731666,76618365,0.109,36288,0.9327
GSM8331120,GSE269952,G1E-ER4,40011778,12/21/24,Erythroid,,127031010,71771199,0.089,32897,0.943
GSM8331125,GSE269952,G1E-ER4,40011778,12/21/24,Erythroid,,133111866,69946649,0.014,9138,0.9666
GSM8331126,GSE269952,G1E-ER4,40011778,12/21/24,Erythroid,,379072838,220636573,0.008,8699,0.741
GSM8331127,GSE269952,G1E-ER4,40011778,12/21/24,Erythroid,,129770092,65635401,0.013,8031,0.8802
GSM8331134,GSE269952,G1E-ER4,40011778,12/21/24,Erythroid,,247006380,131002996,0.012,9131,0.8522
GSM8331135,GSE269952,G1E-ER4,40011778,12/21/24,Erythroid,,135895930,61783445,0.039,17336,0.8984
GSM8331136,GSE269952,G1E-ER4,40011778,12/21/24,Erythroid,,180753718,97195852,0.009,6993,0.9642
GSM8331137,GSE269952,G1E-ER4,40011778,12/21/24,Erythroid,,119565898,65361298,0.021,11524,0.9442
GSM836458,GSE33819,activated_B_cell,21113164;23707059,11/19/11,Spleen,,33750386,15212586,0.321,68783,0.7788
GSM841708,GSE34094,mESC,22709888,7/25/12,Embryonic Stem Cell,,7049672,4632622,0.103,22911,0.9515
GSM8460891,GSE274894,mESC,,8/19/24,Embryonic Stem Cell,,23829219,5728170,0.187,42307,0.9262
GSM851280,GSE29218,E14.5_brain,22763441,7/1/12,Brain,,32378771,12197397,0.319,55887,0.8238
GSM851286,GSE29218,E14.5_heart,22763441,7/1/12,Heart,,6780246,3007468,0.031,6898,0.8634
GSM851292,GSE29218,E14.5_limb,22763441,7/1/12,Limb,,42460476,9629075,0.202,43775,0.7633
GSM851304,GSE29218,intestine,22763441,7/1/12,Intestine,,47141547,23756129,0.12,51641,0.6431
GSM851310,GSE29218,olfactory_bulb,22763441,7/1/12,Olfactory Bulb,,45755749,23454815,0.085,71961,0.3856
GSM851316,GSE29218,placenta,22763441,7/1/12,Placenta,,11566008,5494705,0.033,10557,0.8955
GSM851322,GSE29218,testis,22763441,7/1/12,Testis,,32956449,16623003,0.125,45241,0.6434
GSM851328,GSE29218,thymus,22763441,7/1/12,Thymus,,22387621,9923469,0.173,58019,0.4256
GSM8536597,GSE266349,ILC2,39567762,9/25/24,Lung,,41223233,30147193,0.023,14269,0.8761
GSM8536604,GSE266349,ILC2,39567762,9/25/24,Lung,,43948819,31776350,0.023,15070,0.871
GSM8536611,GSE266349,ILC2,39567762,9/25/24,Lung,,28967578,20693443,0.008,6298,0.9215
GSM8536618,GSE266349,ILC2,39567762,9/25/24,Lung,,47762874,33400920,0.021,15253,0.8871
GSM8536625,GSE266349,Th2,39567762,9/25/24,Spleen,,22413957,16422813,0.02,9981,0.8968
GSM8536639,GSE266349,Th2,39567762,9/25/24,Spleen,,27668519,19507667,0.015,8414,0.8861
GSM8536646,GSE266349,Th2,39567762,9/25/24,Spleen,,19793988,14140780,0.014,6733,0.8899
GSM8539634,GSE278100,pancreatic_tumor,,11/30/24,Pancreatic Tumor,Pancreatic Cancer,27530626,14375365,0.125,25361,0.9518
GSM8539635,GSE278100,pancreatic_tumor,,11/30/24,Pancreatic Tumor,Pancreatic Cancer,39705528,20196881,0.128,30641,0.9468
GSM8539636,GSE278100,pancreatic_tumor,,11/30/24,Pancreatic Tumor,Pancreatic Cancer,46513528,22219416,0.158,33223,0.9391
GSM8539638,GSE278100,pancreatic_tumor,,11/30/24,Pancreatic Tumor,Pancreatic Cancer,37740720,19567454,0.123,29212,0.9438
GSM8539639,GSE278100,pancreatic_tumor,,11/30/24,Pancreatic Tumor,Pancreatic Cancer,42305428,20419417,0.085,24555,0.9506
GSM8599166,GSE281151,E14,,11/22/24,Embryonic Stem Cell,,70766224,44100908,0.252,67291,0.9071
GSM8599167,GSE281151,E14,,11/22/24,Embryonic Stem Cell,,93965074,63663683,0.138,49108,0.9007
GSM8599168,GSE281151,E14,,11/22/24,Embryonic Stem Cell,,75470984,57484540,0.277,71305,0.9051
GSM8599169,GSE281151,E14,,11/22/24,Embryonic Stem Cell,,83585366,63321802,0.251,69891,0.9081
GSM862560,GSE35140,whole_brain,23804403,6/20/13,Brain,,118102950,48452267,0.119,37935,0.6727
GSM862561,GSE35140,whole_brain,23804403,6/20/13,Brain,,126716090,66627176,0.051,23187,0.8154
GSM8641800,GSE246755,E11.5_limb,,3/15/25,Limb,,120428988,90181818,0.117,47871,0.9083
GSM8641801,GSE246755,E11.5_limb,,3/15/25,Limb,,112699656,83144343,0.156,54667,0.8947
GSM8641802,GSE246755,E11.5_limb,,3/15/25,Limb,,82040000,59322269,0.166,49599,0.8897
GSM8641803,GSE246755,E11.5_limb,,3/15/25,Limb,,64888972,48128019,0.171,46735,0.9011
GSM8641804,GSE246755,E11.5_limb,,3/15/25,Limb,,111786380,86602646,0.558,111759,0.8087
GSM8641805,GSE246755,E11.5_limb,,3/15/25,Limb,,117660738,92036464,0.572,115987,0.8019
GSM8641806,GSE246755,E11.5_limb,,3/15/25,Limb,,56528462,42127638,0.534,89409,0.8205
GSM8641807,GSE246755,E11.5_limb,,3/15/25,Limb,,89800972,63700938,0.546,95316,0.7902
GSM8674960,GSE283963,E14.5_5-HT_neuron,,3/12/25,Brain,,45670746,23460607,0.016,8823,0.9542
GSM8705132,GSE285578,neuron,39988079,2/15/25,Cortex,,143912042,42009670,0.161,44968,0.8837
GSM8705133,GSE285578,neuron,39988079,2/15/25,Cortex,,137697336,40724602,0.159,44337,0.8843
GSM8705140,GSE285578,Neuro-2a,39988079,2/15/25,Neuroblast,Neuroblastoma,59326396,36123515,0.25,57095,0.9109
GSM8705141,GSE285578,Neuro-2a,39988079,2/15/25,Neuroblast,Neuroblastoma,57180470,34579295,0.249,56252,0.9121
GSM8745059,GSE287375,neural_progenitor,40166279,3/19/25,Neural Progenitor,,21685378,12471695,0.108,30201,0.9581
GSM8745060,GSE287375,neural_progenitor,40166279,3/19/25,Neural Progenitor,,18586044,11180810,0.123,30825,0.9461
GSM8782665,GSE270669,mESC,40118069,2/19/25,Embryonic Stem Cell,,867592088,60699947,0.361,57772,0.7723
GSM8782666,GSE270669,mESC,40118069,2/19/25,Embryonic Stem Cell,,703550688,61536637,0.349,54519,0.775
GSM879923,GSE36049,NIH-3T3,22726435,2/24/12,Embryonic Fibroblast,,17622711,10531631,0.163,36417,0.9334
GSM881052,GSE36104,dendritic_cells,22940246,9/11/12,Bone Marrow,,9488917,4560239,0.211,31775,0.9296
GSM881053,GSE36104,dendritic_cells,22940246,9/11/12,Bone Marrow,,11465496,4736250,0.174,29506,0.9325
GSM881054,GSE36104,dendritic_cells,22940246,9/11/12,Bone Marrow,,9096668,3797937,0.161,26390,0.941
GSM881055,GSE36104,dendritic_cells,22940246,9/11/12,Bone Marrow,,9347484,4124002,0.182,29365,0.9355
GSM8834392,GSE291396,motor_neuron,,3/12/25,Motor Neuron,,40360552,10258734,0.151,21633,0.9106
GSM8834393,GSE291396,motor_neuron,,3/12/25,Motor Neuron,,87936976,35770920,0.073,28486,0.9343
GSM883647,GSE36203,neural_progenitor,23706625,5/24/13,Neural Progenitor,,147581192,25910869,0.196,52344,0.8879
GSM915188,GSE36024,C2C12,,4/13/12,Myoblast,,28887228,7033923,0.148,29197,0.8658
GSM918709,GSE36027,small_intestine,22763441,4/19/12,Small Intestine,,47141547,23776351,0.12,51656,0.6429
GSM918711,GSE36027,testis,22763441,4/19/12,Testis,,32956449,16622956,0.125,45252,0.6434
GSM918715,GSE36027,liver,22763441,4/19/12,Liver,,53452133,23415712,0.166,56081,0.75
GSM918722,GSE36027,lung,22763441,4/19/12,Lung,,45500762,13845419,0.163,38274,0.8642
GSM918726,GSE36027,macrophage,22763441,4/19/12,Bone Marrow,,56407801,30802050,0.074,76893,0.4094
GSM918727,GSE36027,cortex,22763441,4/19/12,Cortex,,42900516,10317231,0.246,45013,0.8725
GSM918730,GSE36027,E14.5_brain,22763441,4/19/12,Brain,,32378771,12271130,0.32,56071,0.8232
GSM918731,GSE36027,kidney,22763441,4/19/12,Kidney,,38163846,16467738,0.317,66000,0.7621
GSM918734,GSE36027,thymus,22763441,4/19/12,Thymus,,22387621,9923516,0.173,58026,0.4256
GSM918736,GSE36027,olfactory_bulb,22763441,4/19/12,Olfactory Bulb,,45755749,23454897,0.085,71966,0.3856
GSM918741,GSE36027,E14.5_limb,22763441,4/19/12,Limb,,42460476,9762964,0.202,44169,0.7601
GSM918743,GSE36027,MEF,22763441,4/19/12,Embryonic Fibroblast,,40877084,10482250,0.144,46511,0.5791
GSM918744,GSE36027,MEL,22763441,4/19/12,Erythroleukemia Cell,Leukemia,128156189,11326599,0.265,50237,0.8428
GSM918745,GSE36027,spleen,22763441,4/19/12,Spleen,,38371918,10253453,0.118,26221,0.8817
GSM918748,GSE36027,Bruce-4,22763441,4/19/12,Embryonic Stem Cell,,37947459,17115145,0.217,59405,0.8231
GSM918756,GSE36027,heart,22763441,4/19/12,Heart,,33128001,13709088,0.23,45400,0.8509
GSM918757,GSE36027,bone_marrow,22763441,4/19/12,Bone Marrow,,56248480,28569687,0.096,48064,0.64
GSM918759,GSE36027,cerebellum,22763441,4/19/12,Cerebellum,,57796523,25794099,0.129,44078,0.7644
GSM923568,GSE36029,CH12,,4/30/12,B Lymphocyte,B-cell Lymphoma,39752826,29036924,0.047,27378,0.9439
GSM923570,GSE36029,G1E,,4/30/12,Erythroid,,45346365,32097837,0.026,18154,0.938
GSM923571,GSE36029,G1E-ER4,,4/30/12,Erythroid,,28194079,20096483,0.108,30950,0.9292
GSM923573,GSE36029,MEL,,4/30/12,Erythroleukemia Cell,Leukemia,54939573,37310800,0.089,35480,0.9327
GSM967658,GSE39406,TSC,23178118,11/21/12,Trophoblast Stem Cell,,89942473,55527576,0.09,49529,0.9227
GSM970264,GSE39523,E14,24121688,10/11/13,Embryonic Stem Cell,,23336601,12601822,0.031,17671,0.9249
GSM970266,GSE39523,mixed_differentiated_cells,24121688,10/11/13,Mixed Differentiated Cells,,14429195,8142188,0.014,7480,0.9381
GSM987801,GSE40173,pre_pro_B_cell,23064439,10/9/12,Liver,,26386177,10954495,0.095,30425,0.941
GSM987805,GSE40173,pro_B_cell,23064439,10/9/12,Liver,,18347245,7910128,0.097,28091,0.9424
GSM998993,GSE40667,TSC,22906166,9/8/12,Trophoblast Stem Cell,,89942473,58169624,0.094,50679,0.9193